,ilce_adi,mahalle_adi,konaklama_yeri
0,Ahırlı,ALİÇERÇİ,KÖY KONAĞI
1,Ahırlı,BADEMLİ,YOK
2,Ahırlı,BALIKLAVA,YOK
3,Ahırlı,BÜYÜKÖZ,YOK
4,Ahırlı,ÇİFTLİK,YOK
5,Ahırlı,ERDOĞAN,KÖY ODASI
6,Ahırlı,KARACAKUYU,YOK
7,Ahırlı,KAYACIK,MİSAFİRHANE
8,Ahırlı,KURUÇAY,YOK
9,Ahırlı,KÜÇÜKÖZ,YOK
10,Akören,AVDAN,YOK
11,Akören,KAYASU,KÖY KONAĞI
12,Akören,AHMEDİYE,YOK
13,Akören,ALAN,KÖY ODASI
14,Akören,BELKUYU,MİSAFİRHANE
15,Akören,ÇATÖREN,KÖY ODASI
16,Akören,DUTLU,KÖY KONAĞI
17,Akören,ORHANİYE,KÖY KONAĞI
18,Akören,SÜLEYMANİYE,YOK
19,Akören,TÜLCE,YOK
20,Akören,KARAHÜYÜK,KÖY ODASI
21,Akşehir,ÇAKILLAR,YOK
22,Akşehir,GEDİL,KÖY KONAĞI
23,Akşehir,KARAHÜYÜK,KÖY ODASI
24,Akşehir,ADSIZ,YOK
25,Akşehir,ALANYURT,YOK
26,Akşehir,ALTUNTAŞ,YOK
27,Akşehir,ATAKENT,KÖY KONAĞI
28,Akşehir,BOZLAĞAN,MİSAFİRHANE
29,Akşehir,CANKURTARAN,YOK
30,Akşehir,ÇAMLI,YOK
31,Akşehir,ÇİMENDERE,KÖY KONAĞI
32,Akşehir,DEĞİRMENKÖY,KÖY KONAĞI
33,Akşehir,DOĞRUGÖZ,YOK
34,Akşehir,ENGİLİ,YOK
35,Akşehir,GÖLÇAYIR,YOK
36,Akşehir,GÖZPINARI,KÖY KONAĞI
37,Akşehir,ILICAK,YOK
38,Akşehir,KARABULUT,YOK
39,Akşehir,ORTACA,YOK
40,Akşehir,ORTAKÖY,YOK
41,Akşehir,REİS,KÖY KONAĞI
42,Akşehir,SAVAŞ,KÖY KONAĞI
43,Akşehir,SORKUN,YOK
44,Akşehir,SÖĞÜTLÜ,YOK
45,Akşehir,TEKKE,KÖY KONAĞI
46,Akşehir,TİPİKÖY,YOK
47,Akşehir,ULUPINAR,YOK
48,Akşehir,ÜÇHÜYÜK,YOK
49,Akşehir,YAŞARLAR,YOK
50,Akşehir,YAYLABELEN,KÖY KONAĞI
51,Akşehir,YAZLA,KÖY ODASI
52,Akşehir,YENİKÖY,YOK
53,Akşehir,YEŞİLKÖY,YOK
54,Akşehir,SARAY,MİSAFİRHANE
55,Altınekin,OĞUZELİ,KÖY KONAĞI
56,Altınekin,AKCAŞAR,YOK
57,Altınekin,AYIŞIĞI,YOK
58,Altınekin,AKKÖY,YOK
59,Altınekin,BORUKKUYU,KÖY KONAĞI
60,Altınekin,HACINUMAN,YOK
61,Altınekin,KARAKAYA,KÖY KONAĞI
62,Altınekin,KOÇAŞ,YOK
63,Altınekin,KOÇYAKA,YOK
64,Altınekin,MANTAR,KÖY KONAĞI
65,Altınekin,YENİÖLMEZ,KÖY KONAĞI
66,Altınekin,SARNIÇ,MİSAFİRHANE
67,Altınekin,TOPRAKLIK,YOK
68,Altınekin,YENİKUYU,KÖY KONAĞI
69,Altınekin,YENİYAYLA,YOK
70,Altınekin,DEDELER,YOK
71,Altınekin,AKINCILAR,YOK
72,Beyşehir,ADAKÖY,YOK
73,Beyşehir,AĞILÖNÜ,KÖY KONAĞI
74,Beyşehir,AKBURUN,YOK
75,Beyşehir,AKÇABELEN,YOK
76,Beyşehir,AVDANCIK,YOK
77,Beyşehir,BADEMLİ,KÖY KONAĞI
78,Beyşehir,BAYAT,KÖY KONAĞI
79,Beyşehir,BAYAVŞAR,YOK
80,Beyşehir,BAYINDIR,YOK
81,Beyşehir,BAŞGÖZE,KÖY KONAĞI
82,Beyşehir,BEKDEMİR,YOK
83,Beyşehir,DAMLAPINAR,KÖY KONAĞI
84,Beyşehir,DOĞANBEY,YOK
85,Beyşehir,DOĞANCIK,KÖY KONAĞI
86,Beyşehir,DUMANLI,MİSAFİRHANE
87,Beyşehir,EMEN,KÖY KONAĞI
88,Beyşehir,ESENCE,YOK
89,Beyşehir,EYLİKLER,YOK
90,Beyşehir,EĞİRLER,YOK
91,Beyşehir,FASILLAR,YOK
92,Beyşehir,GÖKÇEKUYU,KÖY KONAĞI
93,Beyşehir,GÖKÇİMEN,YOK
94,Beyşehir,GÖLKAŞI,YOK
95,Beyşehir,GÖLYAKA,YOK
96,Beyşehir,GÖNEN,YOK
97,Beyşehir,GÖÇÜ,YOK
98,Beyşehir,GÜNDOĞDU,YOK
99,Beyşehir,HUĞLU,KÖY KONAĞI
100,Beyşehir,HÜSEYİNLER,KÖY KONAĞI
101,Beyşehir,İSAKÖY,YOK
102,Beyşehir,KARAALİ,YOK
103,Beyşehir,KARABAYAT,YOK
104,Beyşehir,KARADİKEN,YOK
105,Beyşehir,KARAHİSAR,KÖY KONAĞI
106,Beyşehir,KAYABAŞI,YOK
107,Beyşehir,KURUCUOVA,YOK
108,Beyşehir,KUŞLUCA,YOK
109,Beyşehir,KÜÇÜKAVŞAR,YOK
110,Beyşehir,MESUTLAR,YOK
111,Beyşehir,SADIKHACI,KÖY ODASI
112,Beyşehir,SARIKÖY,YOK
113,Beyşehir,SEVİNDİK,YOK
114,Beyşehir,ŞAMLAR,YOK
115,Beyşehir,ÜÇPINAR,KÖY KONAĞI
116,Beyşehir,ÜSTÜNLER,KÖY KONAĞI
117,Beyşehir,ÜZÜMLÜ,YOK
118,Beyşehir,YAZYURDU,YOK
119,Beyşehir,YENİDOĞAN,YOK
120,Beyşehir,YEŞİLDAĞ,YOK
121,Beyşehir,YUKARIESENCE,YOK
122,Beyşehir,YUNUSLAR,YOK
123,Beyşehir,ÇİFTLİK,MİSAFİRHANE
124,Beyşehir,ÇİVRİL,YOK
125,Beyşehir,ÇUKURAĞIL,YOK
126,Bozkır,ÇAĞLAYAN,YOK
127,Bozkır,HAMZALAR,YOK
128,Bozkır,AKÇAPINAR,YOK
129,Bozkır,ARMUTLU,KÖY KONAĞI
130,Bozkır,ARSLANTAŞ,YOK
131,Bozkır,AYDINKIŞLA,YOK
132,Bozkır,AYVALCA,KÖY KONAĞI
133,Bozkır,BAĞYURDU,KÖY KONAĞI
134,Bozkır,BAYBAĞAN,KÖY ODASI
135,Bozkır,BOZDAM,YOK
136,Bozkır,DEREİÇİ,KÖY KONAĞI
137,Bozkır,DEREKÖY,YOK
138,Bozkır,ELMAAĞAÇ,YOK
139,Bozkır,HACILAR,KÖY KONAĞI
140,Bozkır,HACIYUNUSLAR,YOK
141,Bozkır,HARMANPINAR,YOK
142,Bozkır,HİSARLIK,YOK
143,Bozkır,IŞIKLAR,YOK
144,Bozkır,KARABAYIR,KÖY ODASI
145,Bozkır,KARACAARDIÇ,YOK
146,Bozkır,KARACAHİSAR,KÖY KONAĞI
147,Bozkır,KARAYAHYA,YOK
148,Bozkır,KAYACILAR,YOK
149,Bozkır,KAYAPINAR,YOK
150,Bozkır,KINIK,YOK
151,Bozkır,KIZILÇAKIR,YOK
152,Bozkır,KİLDERE,KÖY KONAĞI
153,Bozkır,KOVANLIK,KÖY KONAĞI
154,Bozkır,KOZAĞAÇ,YOK
155,Bozkır,KUŞÇA,KÖY KONAĞI
156,Bozkır,KÜÇÜKHİSARLIK,YOK
157,Bozkır,PINARCIK,YOK
158,Bozkır,SARIOĞLAN,YOK
159,Bozkır,SAZLI,KÖY KONAĞI
160,Bozkır,SOĞUCAK,YOK
161,Bozkır,SORKUN,YOK
162,Bozkır,SÖĞÜT,YOK
163,Bozkır,TARLABAŞI,YOK
164,Bozkır,TAŞBAŞI,YOK
165,Bozkır,TEPEARASI,KÖY KONAĞI
166,Bozkır,TEPELİCE,YOK
167,Bozkır,ULUPINAR,KÖY KONAĞI
168,Bozkır,ÜÇPINAR,YOK
169,Bozkır,YALNIZCA,KÖY KONAĞI
170,Bozkır,YAZDAMI,KÖY KONAĞI
171,Bozkır,YELBEYİ,KÖY KONAĞI
172,Bozkır,YENİKÖY,YOK
173,Bozkır,YOLÖREN,KÖY ODASI
174,Çeltik,GÖKPINAR,YOK
175,Çeltik,ADAKASIM,KÖY KONAĞI
176,Çeltik,DOĞANYURT,KÖY KONAĞI
177,Çeltik,KAŞÖREN,KÖY KONAĞI
178,Çeltik,KÜÇÜKHASAN,YOK
179,Çeltik,TORUNLAR,YOK
180,Çeltik,İSHAKUŞAĞI,KÖY KONAĞI
181,Çeltik,HONAMLI,YOK
182,Cihanbeyli,BÖĞRÜDELİK,MİSAFİRHANE
183,Cihanbeyli,YAPALI,YOK
184,Cihanbeyli,YENİCEOBA,KÖY KONAĞI
185,Cihanbeyli,CUMHURİYET,YOK
186,Cihanbeyli,GEMECİK,YOK
187,Cihanbeyli,GÖKTEPE,YOK
188,Cihanbeyli,AĞABEYLİ,KÖY KONAĞI
189,Cihanbeyli,HODOĞLU,KÖY KONAĞI
190,Cihanbeyli,KAYI,KÖY KONAĞI
191,Cihanbeyli,KIRKIŞLA,YOK
192,Cihanbeyli,KORKMAZLAR,YOK
193,Cihanbeyli,KÜÇÜKBEŞKAVAK,KÖY KONAĞI
194,Cihanbeyli,MUTLUKONAK,KÖY KONAĞI
195,Cihanbeyli,SAĞLIK,KÖY ODASI
196,Cihanbeyli,SIĞIRCIK,KÖY KONAĞI
197,Cihanbeyli,TURANLAR,YOK
198,Cihanbeyli,TÜFEKÇİPINAR,KÖY KONAĞI
199,Cihanbeyli,UZUNCAYAYLA,KÖY KONAĞI
200,Cihanbeyli,YÜNLÜKUYU,YOK
201,Cihanbeyli,ZAFERİYE,KÖY KONAĞI
202,Cihanbeyli,GÖLYAZI,YOK
203,Cihanbeyli,GÜNYÜZÜ,KÖY KONAĞI
204,Cihanbeyli,İNSUYU,YOK
205,Cihanbeyli,KANDİL,YOK
206,Cihanbeyli,KARABAĞ,YOK
207,Cihanbeyli,KELHASAN,YOK
208,Cihanbeyli,KUŞCA,YOK
209,Cihanbeyli,KÜTÜKUŞAĞI,KÖY KONAĞI
210,Cihanbeyli,TAŞPINAR,MİSAFİRHANE
211,Cihanbeyli,BEYLİOVA,KÖY KONAĞI
212,Cihanbeyli,ÇİMEN,KÖY KONAĞI
213,Cihanbeyli,ÇÖL,YOK
214,Cihanbeyli,DAMLAKUYU,KÖY KONAĞI
215,Cihanbeyli,BULDUK,KÖY ODASI
216,Cihanbeyli,BÜYÜKBEŞKAVAK,YOK
217,Cihanbeyli,KARATEPE,KÖY ODASI
218,Çumra,ARIKÖREN,YOK
219,Çumra,DEDEMOĞLU,KÖY KONAĞI
220,Çumra,TÜRKMENCAMİLİ,YOK
221,Çumra,A.B.HÜYÜĞÜ,YOK
222,Çumra,DİNEK,KÖY KONAĞI
223,Çumra,İÇERİÇUMRA,KÖY KONAĞI
224,Çumra,GÜVERCİNLİK,KÖY KONAĞI
225,Çumra,KARKIN,YOK
226,Çumra,OKÇU,YOK
227,Çumra,YENİSU,KÖY KONAĞI
228,Çumra,APA,YOK
229,Çumra,ABDİTOLU,KÖY KONAĞI
230,Çumra,ADAKALE,YOK
231,Çumra,ALEMDAR,YOK
232,Çumra,APASARAYCIK,KÖY KONAĞI
233,Çumra,AFŞAR,YOK
234,Çumra,AVDUL,KÖY KONAĞI
235,Çumra,BALÇIKHİSAR,KÖY KONAĞI
236,Çumra,BEYLERCE,YOK
237,Çumra,B.AŞLAMA,KÖY KONAĞI
238,Çumra,CİCEK,YOK
239,Çumra,ÇUKURKAVAK,KÖY KONAĞI
240,Çumra,DİNLENDİK,YOK
241,Çumra,DİNEKSARAY,KÖY KONAĞI
242,Çumra,DOĞANLI,KÖY KONAĞI
243,Çumra,FETHİYE,KÖY KONAĞI
244,Çumra,GÖKHÜYÜK,KÖY KONAĞI
245,Çumra,ERENTEPE,YOK
246,Çumra,İNLİ,YOK
247,Çumra,KUZUCU,KÖY KONAĞI
248,Çumra,KÜÇÜKKÖY,YOK
249,Çumra,SEÇME,YOK
250,Çumra,SÜRGÜÇ,YOK
251,Çumra,TAHTALI,YOK
252,Çumra,T.KARAHÜYÜK,KÖY KONAĞI
253,Çumra,TAŞAĞIL,YOK
254,Çumra,UZUNKUYU,KÖY KONAĞI
255,Çumra,ÜÇHÜYÜK,YOK
256,Çumra,ÜRÜNLÜ,KÖY KONAĞI
257,Çumra,YÖRÜKCAMİLİ,YOK
258,Çumra,ÇAYBAŞI,YOK
259,Derbent,ÇİFTLİKÖZÜ,KÖY KONAĞI
260,Derbent,DEĞİŞ,YOK
261,Derbent,TEKKE,KÖY KONAĞI
262,Derbent,GÜNEYKÖY,YOK
263,Derbent,MÜLAYİM,YOK
264,Derbent,SARAYPINAR,KÖY ODASI
265,Derbent,YASSIÖREN,YOK
266,Derbent,SÜLEYMAN,YOK
267,Derbent,KARALAR,KÖY KONAĞI
268,Derebucak,ÇAMLIK,KÖY ODASI
269,Derebucak,DURAK,YOK
270,Derebucak,GENCEK,KÖY KONAĞI
271,Derebucak,GÖYNEM,YOK
272,Derebucak,PINARBAŞI,KÖY KONAĞI
273,Derebucak,TAŞLIPINAR,YOK
274,Derebucak,TEPEARASI,KÖY KONAĞI
275,Derebucak,UĞURLU,KÖY KONAĞI
276,Doğanhisar,BAŞKÖY,YOK
277,Doğanhisar,YAZLICA,YOK
278,Doğanhisar,AYASLAR,YOK
279,Doğanhisar,ÇINAROBA,KÖY ODASI
280,Doğanhisar,DEŞTİĞİN,KÖY KONAĞI
281,Doğanhisar,FIRINLI,KÖY KONAĞI
282,Doğanhisar,GÜVENDİK,KÖY KONAĞI
283,Doğanhisar,İLYASLAR,KÖY ODASI
284,Doğanhisar,KARAAĞA,MİSAFİRHANE
285,Doğanhisar,KEMER,KÖY KONAĞI
286,Doğanhisar,KOÇAŞ,YOK
287,Doğanhisar,KONAKKALE,KÖY KONAĞI
288,Doğanhisar,TEKKE,KÖY KONAĞI
289,Doğanhisar,UNCULAR,YOK
290,Doğanhisar,YAZIR,YOK
291,Doğanhisar,YENİCE,YOK
292,Emirgazi,EKİZLİ,YOK
293,Emirgazi,AKMESCİT,KÖY KONAĞI
294,Emirgazi,BESCİ,KÖY ODASI
295,Emirgazi,DEMİRCİ,KÖY KONAĞI
296,Emirgazi,GÖLÖREN,YOK
297,Emirgazi,IŞIKLAR,KÖY KONAĞI
298,Emirgazi,KARAÖREN,YOK
299,Emirgazi,MEŞELİ,YOK
300,Emirgazi,ÖBEKTAŞ,YOK
301,Emirgazi,YAMAÇ,KÖY KONAĞI
302,Ereğli,ZENGEN,KÖY KONAĞI
303,Ereğli,ACIPINAR,KÖY KONAĞI
304,Ereğli,ADABAĞ,YOK
305,Ereğli,AKHÜYÜK,KÖY KONAĞI
306,Ereğli,ALHAN,KÖY KONAĞI
307,Ereğli,AŞAĞI GÖNDELEN,YOK
308,Ereğli,AŞIKLAR,KÖY KONAĞI
309,Ereğli,AZİZİYE,KÖY ODASI
310,Ereğli,BAHÇELİ,YOK
311,Ereğli,BELCEAĞAÇ,YOK
312,Ereğli,BELKAYA,YOK
313,Ereğli,BEYKÖY,YOK
314,Ereğli,BEYÖREN,KÖY KONAĞI
315,Ereğli,BULGURLUK,YOK
316,Ereğli,BURHANİYE,KÖY KONAĞI
317,Ereğli,BÜYÜKDEDE,YOK
318,Ereğli,ÇAKMAK,YOK
319,Ereğli,ÇAYHAN,YOK
320,Ereğli,ÇİLLER,KÖY KONAĞI
321,Ereğli,ÇİMENCİK,YOK
322,Ereğli,GAYBİ,YOK
323,Ereğli,GÖKÇEYAZI,YOK
324,Ereğli,GÖKTÖME,KÖY KONAĞI
325,Ereğli,HACIMEMİŞ,YOK
326,Ereğli,KAMIŞLIKUYU,YOK
327,Ereğli,KARABURUN,YOK
328,Ereğli,KARGACI,YOK
329,Ereğli,KIZILGEDİK,KÖY KONAĞI
330,Ereğli,KUSKUNCUK,KÖY KONAĞI
331,Ereğli,KUTÖREN,YOK
332,Ereğli,KUZUKUYU,YOK
333,Ereğli,MELİCEK,YOK
334,Ereğli,ORHANİYE,KÖY KONAĞI
335,Ereğli,ÖZGÜRLER,YOK
336,Ereğli,PINARÖZÜ,KÖY KONAĞI
337,Ereğli,SARICA,YOK
338,Ereğli,SARITOPALLI,YOK
339,Ereğli,SELVİLİ,YOK
340,Ereğli,TAŞAĞIL,KÖY KONAĞI
341,Ereğli,TAŞBUDAK,KÖY KONAĞI
342,Ereğli,TATLIKUYU,KÖY KONAĞI
343,Ereğli,TÜRKMEN,YOK
344,Ereğli,ULUMEŞE,KÖY KONAĞI
345,Ereğli,YAZLIK,YOK
346,Ereğli,YELLİCE,YOK
347,Ereğli,YENİKÖY,YOK
348,Ereğli,YILDIZLI,KÖY KONAĞI
349,Ereğli,YUKARIGÖNDELEN,YOK
350,Ereğli,HORTU,YOK
351,Ereğli,ACIKUYU,YOK
352,Güneysınır,GÜRAĞAÇ,KÖY KONAĞI
353,Güneysınır,AĞAÇOBA,YOK
354,Güneysınır,ALANÖZÜ,YOK
355,Güneysınır,AVCITEPE,YOK
356,Güneysınır,AYDOĞMUŞ,KÖY ODASI
357,Güneysınır,HABİLLER,KÖY KONAĞI
358,Güneysınır,KARAGÜNEY,YOK
359,Güneysınır,KAYAAĞZI,YOK
360,Güneysınır,KIZILÖZ,YOK
361,Güneysınır,KURUKAVAK,YOK
362,Güneysınır,MEHMET ALİ,KÖY ODASI
363,Güneysınır,ÖMEROĞLU,YOK
364,Güneysınır,ÖRENBOYALI,YOK
365,Güneysınır,SARIHACI,YOK
366,Hadim,AŞAĞIEŞENLER,KÖY ODASI
367,Hadim,AŞAĞIKIZILKAYA,YOK
368,Hadim,BADEMLİ,YOK
369,Hadim,BAĞBAŞI,KÖY KONAĞI
370,Hadim,BEYRELİ,KÖY KONAĞI
371,Hadim,BOLAT,"MİSAFİRHANE, KÖY ODASI"
372,Hadim,ÇİFTEPINAR,MİSAFİRHANE
373,Hadim,DEDEMLİ,YOK
374,Hadim,DÜLGERLER,KÖY ODASI
375,Hadim,FAKILAR,KÖY ODASI
376,Hadim,GAZİLER,YOK
377,Hadim,GÖYNÜKKIŞLA,YOK
378,Hadim,GÜLPINAR,YOK
379,Hadim,İĞDEÖREN,YOK
380,Hadim,KALINAĞIL,KÖY KONAĞI
381,Hadim,KAPLANLI,KÖY KONAĞI
382,Hadim,GEZLEVİ,YOK
383,Hadim,KÜPLÜCE,YOK
384,Hadim,ODUNCU,KÖY ODASI
385,Hadim,SARNIÇ,"KÖY KONAĞI, KÖY ODASI"
386,Hadim,SELAHATTİN,YOK
387,Hadim,UMURLAR,YOK
388,Hadim,YAĞCI,KÖY ODASI
389,Hadim,YALINÇEVRE,YOK
390,Hadim,YELMEZ,YOK
391,Hadim,YENİKONAK,YOK
392,Hadim,YUKARIEŞENLER,KÖY KONAĞI
393,Halkapınar,İVRİZ,YOK
394,Halkapınar,BÜYÜKDOĞAN,YOK
395,Halkapınar,DEDELİ,YOK
396,Halkapınar,DELİMAHMUTLU,YOK
397,Halkapınar,ESKİHİSAR,KÖY ODASI
398,Halkapınar,KARAYUSUFLU,YOK
399,Halkapınar,KAYASARAY,KÖY KONAĞI
400,Halkapınar,KÖRLÜ,YOK
401,Halkapınar,KÜSERE,YOK
402,Halkapınar,OSMANKÖSELİ,KÖY KONAĞI
403,Halkapınar,SEYDİFAKILI,KÖY KONAĞI
404,Halkapınar,YASSIKAYA,YOK
405,Halkapınar,YAYIKLI,KÖY KONAĞI
406,Halkapınar,YEŞİLYURT,YOK
407,Halkapınar,ÇAKILLAR,MİSAFİRHANE
408,Hüyük,BAŞLAMIŞ,MİSAFİRHANE
409,Hüyük,BUDAK,KÖY ODASI
410,Hüyük,BURUNSUZ,YOK
411,Hüyük,ÇAMLICA,YOK
412,Hüyük,ÇAVUŞ,YOK
413,Hüyük,ÇUKURKENT,KÖY ODASI
414,Hüyük,DEĞİRMENALTI,YOK
415,Hüyük,GÖÇERİ,YOK
416,Hüyük,GÖRÜNMEZ,KÖY KONAĞI
417,Hüyük,İLMEN,YOK
418,Hüyük,İMRENLER,YOK
419,Hüyük,KIRELİ,MİSAFİRHANE
420,Hüyük,KÖŞK,YOK
421,Hüyük,MUTLU,KÖY ODASI
422,Hüyük,PINARBAŞI,KÖY ODASI
423,Hüyük,SELKİ,YOK
424,Hüyük,SULUDERE,YOK
425,Hüyük,TOLCA,YOK
426,Hüyük,YENİCE,KÖY KONAĞI
427,Ilgın,ARGITHANI,KÖY KONAĞI
428,Ilgın,BEYKONAK,KÖY ODASI
429,Ilgın,ÇAVUŞÇUGÖL,KÖY ODASI
430,Ilgın,AĞALAR,KÖY ODASI
431,Ilgın,BALKI,YOK
432,Ilgın,BARAKMUSLU,YOK
433,Ilgın,BELEKLER,KÖY ODASI
434,Ilgın,BOĞAZKENT,KÖY ODASI
435,Ilgın,BULCUK,KÖY KONAĞI
436,Ilgın,BÜYÜKOBA,KÖY ODASI
437,Ilgın,ÇİĞİL,YOK
438,Ilgın,ÇATAK,KÖY KONAĞI
439,Ilgın,ÇOBANKAYA,KÖY KONAĞI
440,Ilgın,ÇÖMLEKCİ,KÖY KONAĞI
441,Ilgın,DEREKÖY,KÖY KONAĞI
442,Ilgın,DIĞRAK,YOK
443,Ilgın,DÜĞER,YOK
444,Ilgın,ELDEŞ,YOK
445,Ilgın,GEÇİT,KÖY ODASI
446,Ilgın,GEDİKÖREN,KÖY KONAĞI
447,Ilgın,GÖSTERE,KÖY ODASI
448,Ilgın,GÖKÇEYURT,YOK
449,Ilgın,GÖLYAKA,KÖY ODASI
450,Ilgın,GÖKBUDAK,KÖY ODASI
451,Ilgın,GÜNEYPINAR,KÖY ODASI
452,Ilgın,HARMANYAZI,YOK
453,Ilgın,İHSANİYE,KÖY KONAĞI
454,Ilgın,KAPAKLI,YOK
455,Ilgın,KARAKÖY,YOK
456,Ilgın,KALEKÖY,YOK
457,Ilgın,MAHMUTHİSAR,KÖY KONAĞI
458,Ilgın,MECİDİYE,YOK
459,Ilgın,MİSAFİRLİ,YOK
460,Ilgın,OLUKPINAR,YOK
461,Ilgın,ORHANİYE,KÖY ODASI
462,Ilgın,ORMANÖZÜ,KÖY ODASI
463,Ilgın,SADIKKÖY,YOK
464,Ilgın,SEBİLLER,KÖY KONAĞI
465,Ilgın,TEKELER,KÖY KONAĞI
466,Ilgın,YUKARIÇİĞİL,KÖY ODASI
467,Ilgın,YORAZLAR,KÖY KONAĞI
468,Ilgın,ZAFERİYE,YOK
469,Ilgın,AVDAN,KÖY KONAĞI
470,Kadınhanı,OSMANCIK,KÖY ODASI
471,Kadınhanı,AFŞARLI,YOK
472,Kadınhanı,ALABAĞ,KÖY KONAĞI
473,Kadınhanı,ATLANTI,KÖY KONAĞI
474,Kadınhanı,BAKIRPINAR,YOK
475,Kadınhanı,BAŞKUYU,YOK
476,Kadınhanı,BAYRAMLI,YOK
477,Kadınhanı,BEYKAVAĞI,KÖY KONAĞI
478,Kadınhanı,BULGURPINAR,YOK
479,Kadınhanı,ÇAVDAR,YOK
480,Kadınhanı,ÇEŞMECİK,YOK
481,Kadınhanı,ÇUBUK,KÖY ODASI
482,Kadınhanı,DEMİROLUK,KÖY KONAĞI
483,Kadınhanı,HACIMEHMETLİ,YOK
484,Kadınhanı,HACIOFLAZLAR,KÖY KONAĞI
485,Kadınhanı,HACIPİRLİ,YOK
486,Kadınhanı,KABACALI,YOK
487,Kadınhanı,KAMIŞLIÖZÜ,KÖY KONAĞI
488,Kadınhanı,KARAHİSARLI,KÖY KONAĞI
489,Kadınhanı,KARAKURTLU,YOK
490,Kadınhanı,KARASEVİNÇ,YOK
491,Kadınhanı,KARAYÜRÜKLÜ,YOK
492,Kadınhanı,KIZILKUYU,YOK
493,Kadınhanı,KOLUKISA,YOK
494,Kadınhanı,KONURÖREN,YOK
495,Kadınhanı,KÖKEZ,KÖY KONAĞI
496,Kadınhanı,KÖYLÜTOLU,YOK
497,Kadınhanı,KURTHASANLI,YOK
498,Kadınhanı,KÜÇÜKKUYU,YOK
499,Kadınhanı,MAHMUDİYE,YOK
500,Kadınhanı,MEYDANLI,KÖY ODASI
501,Kadınhanı,ÖRNEK,YOK
502,Kadınhanı,PİRALİ,YOK
503,Kadınhanı,PUSAT,KÖY KONAĞI
504,Kadınhanı,SAÇIKARA,KÖY ODASI
505,Kadınhanı,SARIKAYA,YOK
506,Kadınhanı,SÖĞÜTÖZÜ,YOK
507,Kadınhanı,ŞAHÖREN,YOK
508,Kadınhanı,TOSUNOĞLU,YOK
509,Kadınhanı,YAĞLICA,YOK
510,Kadınhanı,YAYLAYAKA,YOK
511,Karapınar,HOTAMIŞ,KÖY ODASI
512,Karapınar,KESMEZ,YOK
513,Karapınar,AKÇAYAZI,KÖY ODASI
514,Karapınar,AKÖREN,YOK
515,Karapınar,ÇİĞİL,YOK
516,Karapınar,HASANOBA,KÖY KONAĞI
517,Karapınar,İSLİK,YOK
518,Karapınar,KARAKIŞLA,KÖY KONAĞI
519,Karapınar,KAYACIK,KÖY KONAĞI
520,Karapınar,KAYALI,YOK
521,Karapınar,KAZANHÜYÜĞÜ,KÖY KONAĞI
522,Karapınar,KÜÇÜKAŞLAMA,YOK
523,Karapınar,ORTAOBA,YOK
524,Karapınar,OYMALI,YOK
525,Karapınar,SAZLIPINAR,YOK
526,Karapınar,YAĞMAPINAR,YOK
527,Karapınar,YENİKUYU,KÖY KONAĞI
528,Karapınar,YEŞİLYURT,YOK
529,Karatay,YARMA,YOK
530,Karatay,ACIDORT,KÖY KONAĞI
531,Karatay,AĞSAKLI,KÖY KONAĞI
532,Karatay,AKBAŞ,KÖY KONAĞI
533,Karatay,AKÖRENKIŞLA,KÖY KONAĞI
534,Karatay,BAKIRTOLU,KÖY KONAĞI
535,Karatay,BAŞGÖTÜREN,YOK
536,Karatay,BEŞAĞIL,KÖY KONAĞI
537,Karatay,BÜYÜKBURNAK,YOK
538,Karatay,ÇENGİLTİ,YOK
539,Karatay,DİVANLAR,KÖY KONAĞI
540,Karatay,ESENTEPE,YOK
541,Karatay,GÖÇÜ,YOK
542,Karatay,HAYIROĞLU MERKEZ,YOK
543,Karatay,İPEKLER,YOK
544,Karatay,İSMİL,YOK
545,Karatay,KARADONA,YOK
546,Karatay,KARAKAYA,YOK
547,Karatay,KATRANCI,YOK
548,Karatay,KIZÖREN,YOK
549,Karatay,KÖSEALİ,KÖY KONAĞI
550,Karatay,OBRUK,YOK
551,Karatay,OVAKAVAĞI,KÖY KONAĞI
552,Karatay,SAKYATAN,YOK
553,Karatay,SÜRÜÇ,KÖY KONAĞI
554,Karatay,ŞATIR,YOK
555,Karatay,YAĞLIBAYAT,YOK
556,Karatay,YAVŞANKUYU,KÖY KONAĞI
557,Karatay,YENİCE,YOK
558,Karatay,YENİKENT,KÖY KONAĞI
559,Karatay,ZİNCİRLİ,KÖY KONAĞI
560,Kulu,ACIKUYU,KÖY ODASI
561,Kulu,AĞILBAŞI,YOK
562,Kulu,ALTILAR,YOK
563,Kulu,ARŞINCA,YOK
564,Kulu,BEŞKARDEŞ,YOK
565,Kulu,BOĞAZÖREN,YOK
566,Kulu,BOZAN,YOK
567,Kulu,BURUNAĞIL,YOK
568,Kulu,CANIMANA,YOK
569,Kulu,CELEP,KÖY KONAĞI
570,Kulu,DİPDEDE,YOK
571,Kulu,DOĞUTEPE,YOK
572,Kulu,FEVZİYE,YOK
573,Kulu,GÖKLER,YOK
574,Kulu,GÜZELYAYLA,YOK
575,Kulu,HİSAR,YOK
576,Kulu,KARACADAĞ,KÖY ODASI
577,Kulu,KARACADERE,YOK
578,Kulu,KIRKKUYU,YOK
579,Kulu,KIRKPINAR,YOK
580,Kulu,KOZANLI,YOK
581,Kulu,KÖMÜŞİNİ,YOK
582,Kulu,KÖŞKER,YOK
583,Kulu,SARIYAYLA,KÖY ODASI
584,Kulu,SEYİTAHMETLİ,YOK
585,Kulu,SOĞUKKUYU,YOK
586,Kulu,ŞEREFLİ,KÖY ODASI
587,Kulu,TAVLIÖREN,YOK
588,Kulu,ÖMERANLI,YOK
589,Kulu,TUZYAKA,YOK
590,Kulu,YARAŞLI,YOK
591,Kulu,YAZIÇAYIR,YOK
592,Kulu,YEŞİLTEPE,YOK
593,Kulu,YEŞİLYURT,YOK
594,Kulu,ZİNCİRLİKUYU,YOK
595,Kulu,BAHADIRLI,YOK
596,Kulu,DEĞİRMENÖZÜ,YOK
597,Meram,ERENKAYA,YOK
598,Meram,YATAĞAN,KÖY ODASI
599,Meram,GÖKYURT,YOK
600,Meram,BAYAT,KÖY KONAĞI
601,Meram,BORUKTOLU,KÖY KONAĞI
602,Meram,BOTSA,YOK
603,Meram,ÇAYIRBAĞI,YOK
604,Meram,ÇOMAKLAR,YOK
605,Meram,ÇUKURÇİMEN,KÖY KONAĞI
606,Meram,EVLİYATEKKE,KÖY KONAĞI
607,Meram,HATUNSARAY,KÖY KONAĞI
608,Meram,İKİPINAR,KÖY ODASI
609,Meram,İLYASBABA,YOK
610,Meram,İNLİCE,KÖY KONAĞI
611,Meram,KARAAĞAÇ,KÖY KONAĞI
612,Meram,KAVAK,YOK
613,Meram,KAYADİBİ,KÖY KONAĞI
614,Meram,KAYALI,YOK
615,Meram,KAYHÜYÜK,KÖY KONAĞI
616,Meram,KIZILÖREN,KÖY KONAĞI
617,Meram,KUMRALI,KÖY ODASI
618,Meram,SADIKLAR,"KÖY KONAĞI, KÖY ODASI"
619,Meram,SAĞLIK,KÖY KONAĞI
620,Meram,SARIKIZ,YOK
621,Meram,SEFAKÖY,YOK
622,Meram,YEŞİLDERE,KÖY KONAĞI
623,Meram,YEŞİLTEKKE,KÖY ODASI
624,Meram,KAŞINHANI,YOK
625,Sarayönü,LADİK,KÖY ODASI
626,Sarayönü,BAHÇESARAY,YOK
627,Sarayönü,BAŞHÜYÜK,KÖY KONAĞI
628,Sarayönü,BOYALI,KÖY ODASI
629,Sarayönü,BÜYÜKZENGİ,KÖY KONAĞI
630,Sarayönü,ÇEŞMELİSEBİL,YOK
631,Sarayönü,DEĞİRMENLİ,KÖY ODASI
632,Sarayönü,ERTUĞRUL,KÖY KONAĞI
633,Sarayönü,GÖZLÜ,KÖY ODASI
634,Sarayönü,KADIOĞLU,KÖY ODASI
635,Sarayönü,KARABIYIK,KÖY KONAĞI
636,Sarayönü,KARATEPE,KÖY KONAĞI
637,Sarayönü,KAYIÖREN,KÖY KONAĞI
638,Sarayönü,KONAR,YOK
639,Sarayönü,KURŞUNLU,YOK
640,Sarayönü,KUYULUSEBİL,YOK
641,Sarayönü,ÖZKENT,KÖY KONAĞI
642,Sarayönü,YENİCEKAYA,KÖY KONAĞI
643,Selçuklu,BAŞARAKAVAK,
644,Selçuklu,hasan,
645,Selçuklu,SARAYKÖY,YOK
646,Selçuklu,SULUTAS,YOK
647,Selçuklu,TATKÖY,YOK
648,Selçuklu,AKPINAR,KÖY KONAĞI
649,Selçuklu,BAĞRIKURT,YOK
650,Selçuklu,BİÇER,YOK
651,Selçuklu,ÇALDERE,YOK
652,Selçuklu,ÇALTI,KÖY KONAĞI
653,Selçuklu,ÇANDIR,YOK
654,Selçuklu,DAĞDERE,YOK
655,Selçuklu,EĞRİBAYAT,YOK
656,Selçuklu,GÜVENÇ,YOK
657,Selçuklu,KALE,YOK
658,Selçuklu,KARAÖMERLER,KÖY KONAĞI
659,Selçuklu,KERVAN,YOK
660,Selçuklu,KINIK,YOK
661,Selçuklu,KIZILCAKUYU,YOK
662,Selçuklu,MEYDAN,YOK
663,Selçuklu,SELAHATTİN,KÖY ODASI
664,Selçuklu,SIZMA,KÖY ODASI
665,Selçuklu,TEPEKENT,KÖY KONAĞI
666,Selçuklu,ULUMUHSİNE,KÖY KONAĞI
667,Selçuklu,YAZIBELEN,YOK
668,Selçuklu,SİLLE,"MİSAFİRHANE, KÖY KONAĞI, KÖY ODASI"
669,Selçuklu,ARDIÇLI,KÖY KONAĞI
670,Selçuklu,AŞAĞIPINARBAŞI,KÖY KONAĞI
671,Selçuklu,YUKARIPINARBAŞI,YOK
672,Selçuklu,KÜÇÜKMUHSİNE,"KÖY KONAĞI, KÖY ODASI"
673,Selçuklu,SARICALAR,KÖY ODASI
674,Selçuklu,TÖMEK,YOK
675,Selçuklu,YÜKSELEN,MİSAFİRHANE
676,Selçuklu,Mehmet Fatih,
677,Seydişehir,KESECİK,MİSAFİRHANE
678,Seydişehir,AKÇALAR,YOK
679,Seydişehir,AŞAĞIKARAÖREN,YOK
680,Seydişehir,BAŞKARAÖREN,YOK
681,Seydişehir,BOSTANDERE,KÖY ODASI
682,Seydişehir,BOYALI,YOK
683,Seydişehir,BÜKÇE,YOK
684,Seydişehir,ÇAT,YOK
685,Seydişehir,ÇATMAKAYA,YOK
686,Seydişehir,ÇAVUŞ,KÖY KONAĞI
687,Seydişehir,DİKİLİTAŞ,KÖY KONAĞI
688,Seydişehir,GEVREKLİ,YOK
689,Seydişehir,GÖKÇEHÜYÜK,YOK
690,Seydişehir,GÖKHÜYÜK,YOK
691,Seydişehir,GÖLYÜZÜ,YOK
692,Seydişehir,IRMAKLI,YOK
693,Seydişehir,İNCESU,YOK
694,Seydişehir,KARABULAK,YOK
695,Seydişehir,KARACAÖREN,YOK
696,Seydişehir,KAVAK,YOK
697,Seydişehir,KETENLİ,YOK
698,Seydişehir,KIZILCA,KÖY KONAĞI
699,Seydişehir,KOZLU,YOK
700,Seydişehir,KUMLUCA,YOK
701,Seydişehir,KURAN,YOK
702,Seydişehir,MADENLİ,KÖY ODASI
703,Seydişehir,MESUDİYE,YOK
704,Seydişehir,MURADİYE,YOK
705,Seydişehir,OĞLAKÇI,YOK
706,Seydişehir,ORTAKARAÖREN,YOK
707,Seydişehir,SARAYCIK,YOK
708,Seydişehir,SUSUZ,YOK
709,Seydişehir,TARAŞÇI,YOK
710,Seydişehir,TAŞAĞIL,YOK
711,Seydişehir,TEPECİK,YOK
712,Seydişehir,TOL,YOK
713,Seydişehir,UFACIK,YOK
714,Seydişehir,YAYLACIK,YOK
715,Seydişehir,YENİCE,YOK
716,Taşkent,AFŞAR,MİSAFİRHANE
717,Taşkent,BALCILAR,YOK
718,Taşkent,BOLAY,KÖY ODASI
719,Taşkent,ÇETMİ,MİSAFİRHANE
720,Taşkent,KECİMEN,YOK
721,Taşkent,KONGUL,YOK
722,Taşkent,SAZAK,YOK
723,Taşkent,ILICAPINAR,YOK
724,Tuzlukçu,KONARI,YOK
725,Tuzlukçu,MEVLÜTLÜ,MİSAFİRHANE
726,Tuzlukçu,KORAŞI,YOK
727,Tuzlukçu,ÇÖĞÜRLÜ,YOK
728,Tuzlukçu,TURSUNLU,YOK
729,Tuzlukçu,KUNDULLU,KÖY KONAĞI
730,Tuzlukçu,PAZARKAYA,KÖY ODASI
731,Tuzlukçu,SUBATAN,YOK
732,Tuzlukçu,GÜRSU,YOK
733,Tuzlukçu,ERDOĞDU,YOK
734,Tuzlukçu,KÖKLÜCE,MİSAFİRHANE
735,Yalıhüyük,SARAY,YOK
736,Yalıhüyük,ARASÖĞÜT,YOK
737,Yunak,KUZÖREN,YOK
738,Yunak,KOÇYAZI,KÖY KONAĞI
739,Yunak,TURGUT,YOK
740,Yunak,PİRİBEYLİ,YOK
741,Yunak,SÜLÜKLÜ,YOK
742,Yunak,ALTINÖZ,KÖY KONAĞI
743,Yunak,AYRITEPE,KÖY ODASI
744,Yunak,BEŞIŞIKLI,YOK
745,Yunak,CEBRAİL,KÖY KONAĞI
746,Yunak,ÇAYIRBAŞI,KÖY KONAĞI
747,Yunak,EĞRİKUYU,YOK
748,Yunak,HACIÖMEROĞLU,MİSAFİRHANE
749,Yunak,HATIRLI,YOK
750,Yunak,HACIFAKILI,KÖY KONAĞI
751,Yunak,HARUNLAR,MİSAFİRHANE
752,Yunak,HURSUNLU,YOK
753,Yunak,İMAMOĞLU,KÖY KONAĞI
754,Yunak,KARGALI,YOK
755,Yunak,KARAYAYLA,KÖY KONAĞI
756,Yunak,KILLAR,YOK
757,Yunak,KURTUŞAĞI,KÖY KONAĞI
758,Yunak,KUYUBAŞI,"MİSAFİRHANE, KÖY KONAĞI"
759,Yunak,MEŞELİK,YOK
760,Yunak,ODABAŞI,YOK
761,Yunak,ORTAKIŞLA,KÖY KONAĞI
762,Yunak,ÖZYAYLA,MİSAFİRHANE
763,Yunak,SERTLER,KÖY KONAĞI
764,Yunak,SEVİNÇ,YOK
765,Yunak,SIRAM,KÖY KONAĞI
766,Yunak,SİNANLI,YOK
767,Yunak,YAVAŞLI,KÖY ODASI
768,Yunak,YEŞİLOBA,"MİSAFİRHANE, KÖY ODASI"
769,Yunak,YEŞİLYAYLA,KÖY ODASI
770,Yunak,YIĞAR,YOK
771,Yunak,SARAY,YOK
772,,,
