ilce_adi;mahalle_adi;tibbi_ve_aromatik_bitki_yetistiriciligi
Ahırlı;ALİÇERÇİ;YOK
Ahırlı;BADEMLİ;YOK
Ahırlı;BALIKLAVA;ÇÖREKOTU, NANE, DAĞ ÇAYI
Ahırlı;BÜYÜKÖZ;YOK
Ahırlı;ÇİFTLİK;YOK
Ahırlı;ERDOĞAN;LAVANTA
Ahırlı;KARACAKUYU;YOK
Ahırlı;KAYACIK;LAVANTA, NANE, DAĞ ÇAYI
Ahırlı;KURUÇAY;ADA ÇAYI
Ahırlı;KÜÇÜKÖZ;YOK
Akören;AVDAN;KEKİK
Akören;KAYASU;NANE, EKİNEZYA, KEKİK, ADA ÇAYI
Akören;AHMEDİYE;YOK
Akören;ALAN;YOK
Akören;BELKUYU;ÇÖREKOTU
Akören;ÇATÖREN;NANE, KEKİK, ADA ÇAYI
Akören;DUTLU;NANE, DAĞ ÇAYI, KEKİK
Akören;ORHANİYE;ÇÖREKOTU
Akören;SÜLEYMANİYE;YOK
Akören;TÜLCE;YOK
Akören;KARAHÜYÜK;YOK
Akşehir;ÇAKILLAR;KEKİK, ADA ÇAYI
Akşehir;GEDİL;NANE, KEKİK, KİMYON
Akşehir;KARAHÜYÜK;HAŞHAŞ
Akşehir;ADSIZ;YOK
Akşehir;ALANYURT;YOK
Akşehir;ALTUNTAŞ;ÇÖREKOTU, KEKİK
Akşehir;ATAKENT;HAŞHAŞ
Akşehir;BOZLAĞAN;YOK
Akşehir;CANKURTARAN;YOK
Akşehir;ÇAMLI;ÇÖREKOTU, NANE, KEKİK
Akşehir;ÇİMENDERE;ÇÖREKOTU
Akşehir;DEĞİRMENKÖY;YOK
Akşehir;DOĞRUGÖZ;YOK
Akşehir;ENGİLİ;KATRAN, ÇÖREKOTU
Akşehir;GÖLÇAYIR;YOK
Akşehir;GÖZPINARI;ÇÖREKOTU
Akşehir;ILICAK;YOK
Akşehir;KARABULUT;ÇÖREKOTU
Akşehir;ORTACA;YOK
Akşehir;ORTAKÖY;YOK
Akşehir;REİS;YOK
Akşehir;SAVAŞ;DAĞ ÇAYI
Akşehir;SORKUN;YOK
Akşehir;SÖĞÜTLÜ;YOK
Akşehir;TEKKE;DAĞ ÇAYI, KEKİK
Akşehir;TİPİKÖY;ANASON, HAŞHAŞ
Akşehir;ULUPINAR;ÇÖREKOTU
Akşehir;ÜÇHÜYÜK;YOK
Akşehir;YAŞARLAR;YOK
Akşehir;YAYLABELEN;KEKİK
Akşehir;YAZLA;HAŞHAŞ, ÇÖREKOTU
Akşehir;YENİKÖY;YOK
Akşehir;YEŞİLKÖY;YOK
Akşehir;SARAY;YOK
Altınekin;OĞUZELİ;YOK
Altınekin;AKCAŞAR;YOK
Altınekin;AYIŞIĞI;YOK
Altınekin;AKKÖY;YOK
Altınekin;BORUKKUYU;YOK
Altınekin;HACINUMAN;ASPİR, LAVANTA, ANASON
Altınekin;KARAKAYA;IHLAMUR, ÇÖREKOTU, KEKİK
Altınekin;KOÇAŞ;DAĞ ÇAYI, KEKİK, KİMYON, ALIÇ
Altınekin;KOÇYAKA;YOK
Altınekin;MANTAR;YOK
Altınekin;YENİÖLMEZ;YOK
Altınekin;SARNIÇ;YOK
Altınekin;TOPRAKLIK;YOK
Altınekin;YENİKUYU;YOK
Altınekin;YENİYAYLA;YOK
Altınekin;DEDELER;ÇÖREKOTU
Altınekin;AKINCILAR;YOK
Beyşehir;ADAKÖY;YOK
Beyşehir;AĞILÖNÜ;YOK
Beyşehir;AKBURUN;YOK
Beyşehir;AKÇABELEN;YOK
Beyşehir;AVDANCIK;YOK
Beyşehir;BADEMLİ;YOK
Beyşehir;BAYAT;YOK
Beyşehir;BAYAVŞAR;YOK
Beyşehir;BAYINDIR;YOK
Beyşehir;BAŞGÖZE;YOK
Beyşehir;BEKDEMİR;YOK
Beyşehir;DAMLAPINAR;LAVANTA, KIZILCIK, KEKİK, KUŞBURNU
Beyşehir;DOĞANBEY;YOK
Beyşehir;DOĞANCIK;YOK
Beyşehir;DUMANLI;IHLAMUR, KEKİK, ADA ÇAYI
Beyşehir;EMEN;ASPİR
Beyşehir;ESENCE;YOK
Beyşehir;EYLİKLER;YOK
Beyşehir;EĞİRLER;YOK
Beyşehir;FASILLAR;YOK
Beyşehir;GÖKÇEKUYU;KEKİK, ADA ÇAYI
Beyşehir;GÖKÇİMEN;ASPİR, SUSAM
Beyşehir;GÖLKAŞI;YOK
Beyşehir;GÖLYAKA;YOK
Beyşehir;GÖNEN;KEKİK
Beyşehir;GÖÇÜ;YOK
Beyşehir;GÜNDOĞDU;YOK
Beyşehir;HUĞLU;KEKİK
Beyşehir;HÜSEYİNLER;YOK
Beyşehir;İSAKÖY;IHLAMUR, KEKİK, ADA ÇAYI
Beyşehir;KARAALİ;YOK
Beyşehir;KARABAYAT;YOK
Beyşehir;KARADİKEN;OĞUL OTU, KEKİK, ADA ÇAYI
Beyşehir;KARAHİSAR;YOK
Beyşehir;KAYABAŞI;YOK
Beyşehir;KURUCUOVA;YOK
Beyşehir;KUŞLUCA;YOK
Beyşehir;KÜÇÜKAVŞAR;YOK
Beyşehir;MESUTLAR;YOK
Beyşehir;SADIKHACI;HAŞHAŞ
Beyşehir;SARIKÖY;YOK
Beyşehir;SEVİNDİK;YOK
Beyşehir;ŞAMLAR;YOK
Beyşehir;ÜÇPINAR;IHLAMUR, KEKİK, ADA ÇAYI
Beyşehir;ÜSTÜNLER;YOK
Beyşehir;ÜZÜMLÜ;YOK
Beyşehir;YAZYURDU;YOK
Beyşehir;YENİDOĞAN;YOK
Beyşehir;YEŞİLDAĞ;IHLAMUR, KEKİK, ADA ÇAYI
Beyşehir;YUKARIESENCE;YOK
Beyşehir;YUNUSLAR;YOK
Beyşehir;ÇİFTLİK;YOK
Beyşehir;ÇİVRİL;YOK
Beyşehir;ÇUKURAĞIL;YOK
Bozkır;ÇAĞLAYAN;DAĞ ÇAYI, KEKİK
Bozkır;HAMZALAR;YOK
Bozkır;AKÇAPINAR;ADA ÇAYI
Bozkır;ARMUTLU;YOK
Bozkır;ARSLANTAŞ;YOK
Bozkır;AYDINKIŞLA;YOK
Bozkır;AYVALCA;YOK
Bozkır;BAĞYURDU;YOK
Bozkır;BAYBAĞAN;KEKİK
Bozkır;BOZDAM;YOK
Bozkır;DEREİÇİ;KİŞNİŞ
Bozkır;DEREKÖY;YOK
Bozkır;ELMAAĞAÇ;YOK
Bozkır;HACILAR;ÇÖREKOTU
Bozkır;HACIYUNUSLAR;ÇÖREKOTU
Bozkır;HARMANPINAR;YOK
Bozkır;HİSARLIK;YOK
Bozkır;IŞIKLAR;YOK
Bozkır;KARABAYIR;ÇÖREKOTU, DAĞ ÇAYI
Bozkır;KARACAARDIÇ;YOK
Bozkır;KARACAHİSAR;YOK
Bozkır;KARAYAHYA;YOK
Bozkır;KAYACILAR;YOK
Bozkır;KAYAPINAR;YOK
Bozkır;KINIK;YOK
Bozkır;KIZILÇAKIR;YOK
Bozkır;KİLDERE;LAVANTA, DAĞ ÇAYI, KEKİK
Bozkır;KOVANLIK;YOK
Bozkır;KOZAĞAÇ;YOK
Bozkır;KUŞÇA;YOK
Bozkır;KÜÇÜKHİSARLIK;NANE, ADA ÇAYI
Bozkır;PINARCIK;YOK
Bozkır;SARIOĞLAN;YOK
Bozkır;SAZLI;DAĞ ÇAYI, KEKİK
Bozkır;SOĞUCAK;YOK
Bozkır;SORKUN;YOK
Bozkır;SÖĞÜT;YOK
Bozkır;TARLABAŞI;YOK
Bozkır;TAŞBAŞI;YOK
Bozkır;TEPEARASI;YOK
Bozkır;TEPELİCE;NANE, DAĞ ÇAYI, KEKİK
Bozkır;ULUPINAR;YOK
Bozkır;ÜÇPINAR;NANE, DAĞ ÇAYI, KEKİK
Bozkır;YALNIZCA;YOK
Bozkır;YAZDAMI;YOK
Bozkır;YELBEYİ;YOK
Bozkır;YENİKÖY;YOK
Bozkır;YOLÖREN;YOK
Çeltik;GÖKPINAR;ÇÖREKOTU, NANE
Çeltik;ADAKASIM;REZENE, KİMYON
Çeltik;DOĞANYURT;ASPİR, KİMYON
Çeltik;KAŞÖREN;HAŞHAŞ, REZENE
Çeltik;KÜÇÜKHASAN;ASPİR, ÇÖREKOTU, REZENE
Çeltik;TORUNLAR;YOK
Çeltik;İSHAKUŞAĞI;ÇÖREKOTU, REZENE, KİMYON
Çeltik;HONAMLI;NANE
Cihanbeyli;BÖĞRÜDELİK;ÇÖREKOTU, NANE
Cihanbeyli;YAPALI;ÇÖREKOTU, KİMYON
Cihanbeyli;YENİCEOBA;KİMYON
Cihanbeyli;CUMHURİYET;KİMYON
Cihanbeyli;GEMECİK;KİMYON
Cihanbeyli;GÖKTEPE;KİMYON
Cihanbeyli;AĞABEYLİ;YOK
Cihanbeyli;HODOĞLU;YOK
Cihanbeyli;KAYI;KİMYON
Cihanbeyli;KIRKIŞLA;ÇÖREKOTU
Cihanbeyli;KORKMAZLAR;ÇÖREKOTU, KİMYON
Cihanbeyli;KÜÇÜKBEŞKAVAK;KİMYON
Cihanbeyli;MUTLUKONAK;REZENE, KİMYON
Cihanbeyli;SAĞLIK;ÇÖREKOTU, KİMYON
Cihanbeyli;SIĞIRCIK;KİMYON
Cihanbeyli;TURANLAR;KİMYON
Cihanbeyli;TÜFEKÇİPINAR;KİMYON
Cihanbeyli;UZUNCAYAYLA;KİMYON
Cihanbeyli;YÜNLÜKUYU;KİMYON
Cihanbeyli;ZAFERİYE;ÇÖREKOTU, KİMYON
Cihanbeyli;GÖLYAZI;ÇÖREKOTU, KİMYON
Cihanbeyli;GÜNYÜZÜ;YOK
Cihanbeyli;İNSUYU;IHLAMUR, ÇÖREKOTU
Cihanbeyli;KANDİL;KİMYON
Cihanbeyli;KARABAĞ;YOK
Cihanbeyli;KELHASAN;ANASON
Cihanbeyli;KUŞCA;ÇÖREKOTU, KİMYON
Cihanbeyli;KÜTÜKUŞAĞI;YOK
Cihanbeyli;TAŞPINAR;YOK
Cihanbeyli;BEYLİOVA;YOK
Cihanbeyli;ÇİMEN;KİMYON
Cihanbeyli;ÇÖL;KİMYON
Cihanbeyli;DAMLAKUYU;YOK
Cihanbeyli;BULDUK;KİMYON
Cihanbeyli;BÜYÜKBEŞKAVAK;YOK
Cihanbeyli;KARATEPE;ÇÖREKOTU, KİMYON
Çumra;ARIKÖREN;ÇÖREKOTU, NANE
Çumra;DEDEMOĞLU;NANE
Çumra;TÜRKMENCAMİLİ;YOK
Çumra;A.B.HÜYÜĞÜ;NANE
Çumra;DİNEK;YOK
Çumra;İÇERİÇUMRA;YOK
Çumra;GÜVERCİNLİK;YOK
Çumra;KARKIN;YOK
Çumra;OKÇU;YOK
Çumra;YENİSU;YOK
Çumra;APA;YOK
Çumra;ABDİTOLU;YOK
Çumra;ADAKALE;YOK
Çumra;ALEMDAR;YOK
Çumra;APASARAYCIK;YOK
Çumra;AFŞAR;YOK
Çumra;AVDUL;YOK
Çumra;BALÇIKHİSAR;YOK
Çumra;BEYLERCE;YOK
Çumra;B.AŞLAMA;YOK
Çumra;CİCEK;YOK
Çumra;ÇUKURKAVAK;YOK
Çumra;DİNLENDİK;YOK
Çumra;DİNEKSARAY;YOK
Çumra;DOĞANLI;YOK
Çumra;FETHİYE;YOK
Çumra;GÖKHÜYÜK;YOK
Çumra;ERENTEPE;KEKİK
Çumra;İNLİ;YOK
Çumra;KUZUCU;KEKİK
Çumra;KÜÇÜKKÖY;NANE
Çumra;SEÇME;YOK
Çumra;SÜRGÜÇ;YOK
Çumra;TAHTALI;DAĞ ÇAYI
Çumra;T.KARAHÜYÜK;NANE
Çumra;TAŞAĞIL;YOK
Çumra;UZUNKUYU;YOK
Çumra;ÜÇHÜYÜK;YOK
Çumra;ÜRÜNLÜ;YOK
Çumra;YÖRÜKCAMİLİ;LAVANTA
Çumra;ÇAYBAŞI;LAVANTA, NANE, KEKİK
Derbent;ÇİFTLİKÖZÜ;YOK
Derbent;DEĞİŞ;YOK
Derbent;TEKKE;YOK
Derbent;GÜNEYKÖY;YOK
Derbent;MÜLAYİM;DAĞ ÇAYI
Derbent;SARAYPINAR;HAŞHAŞ
Derbent;YASSIÖREN;YOK
Derbent;SÜLEYMAN;YOK
Derbent;KARALAR;YOK
Derebucak;ÇAMLIK;DAĞ ÇAYI, KEKİK
Derebucak;DURAK;YOK
Derebucak;GENCEK;NANE, KEKİK, ADA ÇAYI
Derebucak;GÖYNEM;YOK
Derebucak;PINARBAŞI;YOK
Derebucak;TAŞLIPINAR;YOK
Derebucak;TEPEARASI;YOK
Derebucak;UĞURLU;NANE, KEKİK
Doğanhisar;BAŞKÖY;YOK
Doğanhisar;YAZLICA;KEKİK, ADA ÇAYI
Doğanhisar;AYASLAR;YOK
Doğanhisar;ÇINAROBA;ÇÖREKOTU
Doğanhisar;DEŞTİĞİN;YOK
Doğanhisar;FIRINLI;KATRAN, OĞUL OTU, DAĞ ÇAYI, KEKİK, KUŞBURNU
Doğanhisar;GÜVENDİK;YOK
Doğanhisar;İLYASLAR;YOK
Doğanhisar;KARAAĞA;NANE, KEKİK
Doğanhisar;KEMER;YOK
Doğanhisar;KOÇAŞ;KİMYON
Doğanhisar;KONAKKALE;YOK
Doğanhisar;TEKKE;YOK
Doğanhisar;UNCULAR;YOK
Doğanhisar;YAZIR;YOK
Doğanhisar;YENİCE;YOK
Emirgazi;EKİZLİ;KEKİK
Emirgazi;AKMESCİT;KEKİK, KİMYON
Emirgazi;BESCİ;YOK
Emirgazi;DEMİRCİ;YOK
Emirgazi;GÖLÖREN;DAĞ ÇAYI, KEKİK
Emirgazi;IŞIKLAR;YOK
Emirgazi;KARAÖREN;YOK
Emirgazi;MEŞELİ;KEKİK
Emirgazi;ÖBEKTAŞ;YOK
Emirgazi;YAMAÇ;YOK
Ereğli;ZENGEN;YOK
Ereğli;ACIPINAR;YOK
Ereğli;ADABAĞ;NANE
Ereğli;AKHÜYÜK;YOK
Ereğli;ALHAN;YOK
Ereğli;AŞAĞI GÖNDELEN;YOK
Ereğli;AŞIKLAR;YOK
Ereğli;AZİZİYE;NANE, KİMYON
Ereğli;BAHÇELİ;YOK
Ereğli;BELCEAĞAÇ;YOK
Ereğli;BELKAYA;YOK
Ereğli;BEYKÖY;YOK
Ereğli;BEYÖREN;KEKİK
Ereğli;BULGURLUK;YOK
Ereğli;BURHANİYE;YOK
Ereğli;BÜYÜKDEDE;NANE, KEKİK, ADA ÇAYI
Ereğli;ÇAKMAK;NANE, KEKİK
Ereğli;ÇAYHAN;KİMYON
Ereğli;ÇİLLER;KİMYON
Ereğli;ÇİMENCİK;YOK
Ereğli;GAYBİ;YOK
Ereğli;GÖKÇEYAZI;NANE
Ereğli;GÖKTÖME;YOK
Ereğli;HACIMEMİŞ;YOK
Ereğli;KAMIŞLIKUYU;YOK
Ereğli;KARABURUN;YOK
Ereğli;KARGACI;NANE, KEKİK
Ereğli;KIZILGEDİK;YOK
Ereğli;KUSKUNCUK;KİMYON
Ereğli;KUTÖREN;YOK
Ereğli;KUZUKUYU;KİMYON
Ereğli;MELİCEK;YOK
Ereğli;ORHANİYE;HAŞHAŞ, ÇÖREKOTU, NANE, KİMYON
Ereğli;ÖZGÜRLER;YOK
Ereğli;PINARÖZÜ;YOK
Ereğli;SARICA;YOK
Ereğli;SARITOPALLI;NANE
Ereğli;SELVİLİ;ÇÖREKOTU, NANE
Ereğli;TAŞAĞIL;YOK
Ereğli;TAŞBUDAK;ÇÖREKOTU
Ereğli;TATLIKUYU;YOK
Ereğli;TÜRKMEN;YOK
Ereğli;ULUMEŞE;YOK
Ereğli;YAZLIK;ÇEMEN
Ereğli;YELLİCE;YOK
Ereğli;YENİKÖY;KİMYON, SUSAM
Ereğli;YILDIZLI;YOK
Ereğli;YUKARIGÖNDELEN;ÇÖREKOTU
Ereğli;HORTU;YOK
Ereğli;ACIKUYU;NANE, KEKİK, KİMYON
Güneysınır;GÜRAĞAÇ;YOK
Güneysınır;AĞAÇOBA;KEKİK, ADA ÇAYI
Güneysınır;ALANÖZÜ;YOK
Güneysınır;AVCITEPE;YOK
Güneysınır;AYDOĞMUŞ;ÇÖREKOTU
Güneysınır;HABİLLER;KEKİK
Güneysınır;KARAGÜNEY;YOK
Güneysınır;KAYAAĞZI;NANE, KEKİK
Güneysınır;KIZILÖZ;YOK
Güneysınır;KURUKAVAK;YOK
Güneysınır;MEHMET ALİ;ÇÖREKOTU
Güneysınır;ÖMEROĞLU;YOK
Güneysınır;ÖRENBOYALI;YOK
Güneysınır;SARIHACI;YOK
Hadim;AŞAĞIEŞENLER;YOK
Hadim;AŞAĞIKIZILKAYA;ÇÖREKOTU, SAFRAN
Hadim;BADEMLİ;KATRAN, KANTARON
Hadim;BAĞBAŞI;KEKİK, SUMAK
Hadim;BEYRELİ;ASPİR, IHLAMUR, ÇÖREKOTU, NANE, KUŞBURNU, PAPATYA, ADA ÇAYI, SALEP
Hadim;BOLAT;YOK
Hadim;ÇİFTEPINAR;BİBERİYE, NANE, EKİNEZYA, KEKİK
Hadim;DEDEMLİ;YOK
Hadim;DÜLGERLER;ÇÖREKOTU
Hadim;FAKILAR;YOK
Hadim;GAZİLER;YOK
Hadim;GÖYNÜKKIŞLA;NANE, KEKİK
Hadim;GÜLPINAR;KEKİK, SUMAK, KANTARON
Hadim;İĞDEÖREN;NANE, KEKİK, ADA ÇAYI
Hadim;KALINAĞIL;KANTARON, SALEP
Hadim;KAPLANLI;NANE, KEKİK, ADA ÇAYI
Hadim;GEZLEVİ;KEKİK, KUŞBURNU
Hadim;KÜPLÜCE;YOK
Hadim;ODUNCU;KEKİK, KUŞBURNU, KANTARON, SALEP
Hadim;SARNIÇ;YOK
Hadim;SELAHATTİN;YOK
Hadim;UMURLAR;YOK
Hadim;YAĞCI;YOK
Hadim;YALINÇEVRE;KANTARON
Hadim;YELMEZ;YOK
Hadim;YENİKONAK;KEKİK, PAPATYA
Hadim;YUKARIEŞENLER;NANE, KEKİK
Halkapınar;İVRİZ;YOK
Halkapınar;BÜYÜKDOĞAN;YOK
Halkapınar;DEDELİ;YOK
Halkapınar;DELİMAHMUTLU;BİBERİYE, KEKİK, KUŞBURNU, PAPATYA, REZENE, ADA ÇAYI
Halkapınar;ESKİHİSAR;YOK
Halkapınar;KARAYUSUFLU;YOK
Halkapınar;KAYASARAY;NANE, KEKİK, ADA ÇAYI, KANTARON
Halkapınar;KÖRLÜ;YOK
Halkapınar;KÜSERE;YOK
Halkapınar;OSMANKÖSELİ;YOK
Halkapınar;SEYDİFAKILI;YOK
Halkapınar;YASSIKAYA;YOK
Halkapınar;YAYIKLI;YOK
Halkapınar;YEŞİLYURT;NANE, KEKİK, KUŞBURNU, ADA ÇAYI
Halkapınar;ÇAKILLAR;KEKİK, ADA ÇAYI
Hüyük;BAŞLAMIŞ;YOK
Hüyük;BUDAK;FESLEĞEN, ÇÖREKOTU, NANE, KEKİK, KUŞBURNU, PAPATYA, REZENE
Hüyük;BURUNSUZ;YOK
Hüyük;ÇAMLICA;LAVANTA
Hüyük;ÇAVUŞ;OĞUL OTU
Hüyük;ÇUKURKENT;YOK
Hüyük;DEĞİRMENALTI;YOK
Hüyük;GÖÇERİ;YOK
Hüyük;GÖRÜNMEZ;YOK
Hüyük;İLMEN;LAVANTA
Hüyük;İMRENLER;KEKİK, ADA ÇAYI
Hüyük;KIRELİ;YOK
Hüyük;KÖŞK;HAŞHAŞ
Hüyük;MUTLU;YOK
Hüyük;PINARBAŞI;YOK
Hüyük;SELKİ;YOK
Hüyük;SULUDERE;YOK
Hüyük;TOLCA;NANE, KEKİK
Hüyük;YENİCE;YOK
Ilgın;ARGITHANI;KEKİK
Ilgın;BEYKONAK;KEKİK
Ilgın;ÇAVUŞÇUGÖL;ÇÖREKOTU
Ilgın;AĞALAR;HAŞHAŞ
Ilgın;BALKI;YOK
Ilgın;BARAKMUSLU;YOK
Ilgın;BELEKLER;HAŞHAŞ, ÇÖREKOTU
Ilgın;BOĞAZKENT;HAŞHAŞ, ÇÖREKOTU, KİMYON
Ilgın;BULCUK;HAŞHAŞ
Ilgın;BÜYÜKOBA;YOK
Ilgın;ÇİĞİL;KEKİK
Ilgın;ÇATAK;HAŞHAŞ
Ilgın;ÇOBANKAYA;KİMYON
Ilgın;ÇÖMLEKCİ;KEKİK, ADA ÇAYI, KİMYON
Ilgın;DEREKÖY;YOK
Ilgın;DIĞRAK;YOK
Ilgın;DÜĞER;YOK
Ilgın;ELDEŞ;YOK
Ilgın;GEÇİT;YOK
Ilgın;GEDİKÖREN;HAŞHAŞ
Ilgın;GÖSTERE;HAŞHAŞ
Ilgın;GÖKÇEYURT;HAŞHAŞ
Ilgın;GÖLYAKA;HAŞHAŞ
Ilgın;GÖKBUDAK;HAŞHAŞ
Ilgın;GÜNEYPINAR;HAŞHAŞ
Ilgın;HARMANYAZI;HAŞHAŞ
Ilgın;İHSANİYE;HAŞHAŞ, KİMYON
Ilgın;KAPAKLI;YOK
Ilgın;KARAKÖY;ANASON, HAŞHAŞ, ÇÖREKOTU, KİMYON
Ilgın;KALEKÖY;YOK
Ilgın;MAHMUTHİSAR;HAŞHAŞ
Ilgın;MECİDİYE;HAŞHAŞ, ÇÖREKOTU
Ilgın;MİSAFİRLİ;YOK
Ilgın;OLUKPINAR;HAŞHAŞ
Ilgın;ORHANİYE;YOK
Ilgın;ORMANÖZÜ;HAŞHAŞ
Ilgın;SADIKKÖY;HAŞHAŞ
Ilgın;SEBİLLER;HAŞHAŞ
Ilgın;TEKELER;YOK
Ilgın;YUKARIÇİĞİL;YOK
Ilgın;YORAZLAR;KEKİK, ADA ÇAYI
Ilgın;ZAFERİYE;HAŞHAŞ
Ilgın;AVDAN;ANASON, KİMYON
Kadınhanı;OSMANCIK;YOK
Kadınhanı;AFŞARLI;YOK
Kadınhanı;ALABAĞ;ÇÖREKOTU, KİMYON
Kadınhanı;ATLANTI;YOK
Kadınhanı;BAKIRPINAR;KEKİK
Kadınhanı;BAŞKUYU;KİMYON
Kadınhanı;BAYRAMLI;YOK
Kadınhanı;BEYKAVAĞI;YOK
Kadınhanı;BULGURPINAR;YOK
Kadınhanı;ÇAVDAR;ÇÖREKOTU
Kadınhanı;ÇEŞMECİK;YOK
Kadınhanı;ÇUBUK;YOK
Kadınhanı;DEMİROLUK;YOK
Kadınhanı;HACIMEHMETLİ;YOK
Kadınhanı;HACIOFLAZLAR;YOK
Kadınhanı;HACIPİRLİ;YOK
Kadınhanı;KABACALI;YOK
Kadınhanı;KAMIŞLIÖZÜ;YOK
Kadınhanı;KARAHİSARLI;YOK
Kadınhanı;KARAKURTLU;YOK
Kadınhanı;KARASEVİNÇ;ÇÖREKOTU
Kadınhanı;KARAYÜRÜKLÜ;YOK
Kadınhanı;KIZILKUYU;YOK
Kadınhanı;KOLUKISA;YOK
Kadınhanı;KONURÖREN;KİMYON
Kadınhanı;KÖKEZ;YOK
Kadınhanı;KÖYLÜTOLU;YOK
Kadınhanı;KURTHASANLI;YOK
Kadınhanı;KÜÇÜKKUYU;YOK
Kadınhanı;MAHMUDİYE;ANASON, ÇÖREKOTU, KİMYON
Kadınhanı;MEYDANLI;ÇÖREKOTU
Kadınhanı;ÖRNEK;KİMYON
Kadınhanı;PİRALİ;ÇÖREKOTU
Kadınhanı;PUSAT;REZENE
Kadınhanı;SAÇIKARA;YOK
Kadınhanı;SARIKAYA;ÇÖREKOTU
Kadınhanı;SÖĞÜTÖZÜ;YOK
Kadınhanı;ŞAHÖREN;YOK
Kadınhanı;TOSUNOĞLU;YOK
Kadınhanı;YAĞLICA;YOK
Kadınhanı;YAYLAYAKA;ÇÖREKOTU
Karapınar;HOTAMIŞ;YOK
Karapınar;KESMEZ;YOK
Karapınar;AKÇAYAZI;YOK
Karapınar;AKÖREN;YOK
Karapınar;ÇİĞİL;YOK
Karapınar;HASANOBA;YOK
Karapınar;İSLİK;YOK
Karapınar;KARAKIŞLA;YOK
Karapınar;KAYACIK;YOK
Karapınar;KAYALI;YOK
Karapınar;KAZANHÜYÜĞÜ;YOK
Karapınar;KÜÇÜKAŞLAMA;YOK
Karapınar;ORTAOBA;YOK
Karapınar;OYMALI;YOK
Karapınar;SAZLIPINAR;YOK
Karapınar;YAĞMAPINAR;YOK
Karapınar;YENİKUYU;YOK
Karapınar;YEŞİLYURT;YOK
Karatay;YARMA;YOK
Karatay;ACIDORT;YOK
Karatay;AĞSAKLI;YOK
Karatay;AKBAŞ;YOK
Karatay;AKÖRENKIŞLA;YOK
Karatay;BAKIRTOLU;YOK
Karatay;BAŞGÖTÜREN;YOK
Karatay;BEŞAĞIL;YOK
Karatay;BÜYÜKBURNAK;YOK
Karatay;ÇENGİLTİ;YOK
Karatay;DİVANLAR;YOK
Karatay;ESENTEPE;YOK
Karatay;GÖÇÜ;YOK
Karatay;HAYIROĞLU MERKEZ;YOK
Karatay;İPEKLER;YOK
Karatay;İSMİL;YOK
Karatay;KARADONA;YOK
Karatay;KARAKAYA;YOK
Karatay;KATRANCI;YOK
Karatay;KIZÖREN;YOK
Karatay;KÖSEALİ;YOK
Karatay;OBRUK;YOK
Karatay;OVAKAVAĞI;YOK
Karatay;SAKYATAN;YOK
Karatay;SÜRÜÇ;ÇÖREKOTU
Karatay;ŞATIR;YOK
Karatay;YAĞLIBAYAT;YOK
Karatay;YAVŞANKUYU;YOK
Karatay;YENİCE;YOK
Karatay;YENİKENT;ASPİR
Karatay;ZİNCİRLİ;YOK
Kulu;ACIKUYU;ÇÖREKOTU, KİMYON
Kulu;AĞILBAŞI;YOK
Kulu;ALTILAR;ASPİR, KİMYON
Kulu;ARŞINCA;KİMYON
Kulu;BEŞKARDEŞ;KİMYON
Kulu;BOĞAZÖREN;KİMYON
Kulu;BOZAN;KİMYON
Kulu;BURUNAĞIL;KİMYON
Kulu;CANIMANA;KİMYON
Kulu;CELEP;KİMYON
Kulu;DİPDEDE;YOK
Kulu;DOĞUTEPE;ASPİR, KİMYON
Kulu;FEVZİYE;ASPİR, KİMYON
Kulu;GÖKLER;YOK
Kulu;GÜZELYAYLA;KİMYON
Kulu;HİSAR;KİMYON
Kulu;KARACADAĞ;ÇÖREKOTU
Kulu;KARACADERE;KİMYON
Kulu;KIRKKUYU;KİMYON
Kulu;KIRKPINAR;YOK
Kulu;KOZANLI;ÇÖREKOTU, KİMYON
Kulu;KÖMÜŞİNİ;KİMYON
Kulu;KÖŞKER;ÇÖREKOTU, KİMYON
Kulu;SARIYAYLA;KİMYON
Kulu;SEYİTAHMETLİ;KİMYON
Kulu;SOĞUKKUYU;KİMYON
Kulu;ŞEREFLİ;KİMYON
Kulu;TAVLIÖREN;KİMYON
Kulu;ÖMERANLI;KİMYON
Kulu;TUZYAKA;ÇÖREKOTU, KİMYON
Kulu;YARAŞLI;KİMYON
Kulu;YAZIÇAYIR;KİMYON
Kulu;YEŞİLTEPE;ÇÖREKOTU, KİMYON
Kulu;YEŞİLYURT;KİMYON
Kulu;ZİNCİRLİKUYU;ÇÖREKOTU, KİMYON
Kulu;BAHADIRLI;ÇÖREKOTU
Kulu;DEĞİRMENÖZÜ;ÇÖREKOTU, KİMYON
Meram;ERENKAYA;YOK
Meram;YATAĞAN;YOK
Meram;GÖKYURT;ÇÖREKOTU, GİLABURU
Meram;BAYAT;ADA ÇAYI
Meram;BORUKTOLU;YOK
Meram;BOTSA;ASPİR, ÇÖREKOTU
Meram;ÇAYIRBAĞI;YOK
Meram;ÇOMAKLAR;YOK
Meram;ÇUKURÇİMEN;YOK
Meram;EVLİYATEKKE;ÇÖREKOTU, GİLABURU
Meram;HATUNSARAY;YOK
Meram;İKİPINAR;YOK
Meram;İLYASBABA;YOK
Meram;İNLİCE;YOK
Meram;KARAAĞAÇ;YOK
Meram;KAVAK;YOK
Meram;KAYADİBİ;YOK
Meram;KAYALI;YOK
Meram;KAYHÜYÜK;YOK
Meram;KIZILÖREN;GOJİ BERRY, KEKİK, ADA ÇAYI
Meram;KUMRALI;DAĞ ÇAYI, KEKİK
Meram;SADIKLAR;DAĞ ÇAYI
Meram;SAĞLIK;YOK
Meram;SARIKIZ;YOK
Meram;SEFAKÖY;YOK
Meram;YEŞİLDERE;YOK
Meram;YEŞİLTEKKE;ÇÖREKOTU
Meram;KAŞINHANI;LAVANTA, NANE
Sarayönü;LADİK;ÇÖREKOTU, KİMYON
Sarayönü;BAHÇESARAY;YOK
Sarayönü;BAŞHÜYÜK;YOK
Sarayönü;BOYALI;ÇÖREKOTU
Sarayönü;BÜYÜKZENGİ;KEKİK
Sarayönü;ÇEŞMELİSEBİL;ÇÖREKOTU, NANE
Sarayönü;DEĞİRMENLİ;YOK
Sarayönü;ERTUĞRUL;YOK
Sarayönü;GÖZLÜ;NANE, ADA ÇAYI
Sarayönü;KADIOĞLU;YOK
Sarayönü;KARABIYIK;ANASON, KİMYON
Sarayönü;KARATEPE;YOK
Sarayönü;KAYIÖREN;KİMYON
Sarayönü;KONAR;YOK
Sarayönü;KURŞUNLU;YOK
Sarayönü;KUYULUSEBİL;ANASON, KİMYON
Sarayönü;ÖZKENT;YOK
Sarayönü;YENİCEKAYA;YOK
Selçuklu;BAŞARAKAVAK;NANE
Selçuklu;hasan;
Selçuklu;SARAYKÖY;YOK
Selçuklu;SULUTAS;YOK
Selçuklu;TATKÖY;KEKİK
Selçuklu;AKPINAR;YOK
Selçuklu;BAĞRIKURT;YOK
Selçuklu;BİÇER;YOK
Selçuklu;ÇALDERE;KİMYON
Selçuklu;ÇALTI;YOK
Selçuklu;ÇANDIR;YOK
Selçuklu;DAĞDERE;YOK
Selçuklu;EĞRİBAYAT;YOK
Selçuklu;GÜVENÇ;YOK
Selçuklu;KALE;YOK
Selçuklu;KARAÖMERLER;YOK
Selçuklu;KERVAN;YOK
Selçuklu;KINIK;YOK
Selçuklu;KIZILCAKUYU;YOK
Selçuklu;MEYDAN;YOK
Selçuklu;SELAHATTİN;YOK
Selçuklu;SIZMA;YOK
Selçuklu;TEPEKENT;YOK
Selçuklu;ULUMUHSİNE;ÇÖREKOTU, KEKİK
Selçuklu;YAZIBELEN;YOK
Selçuklu;SİLLE;YOK
Selçuklu;ARDIÇLI;YOK
Selçuklu;AŞAĞIPINARBAŞI;YOK
Selçuklu;YUKARIPINARBAŞI;YOK
Selçuklu;KÜÇÜKMUHSİNE;NANE, KEKİK, ADA ÇAYI
Selçuklu;SARICALAR;DAĞ ÇAYI, KEKİK
Selçuklu;TÖMEK;YOK
Selçuklu;YÜKSELEN;YOK
Selçuklu;Mehmet Fatih;
Seydişehir;KESECİK;NANE, KEKİK, ADA ÇAYI
Seydişehir;AKÇALAR;YOK
Seydişehir;AŞAĞIKARAÖREN;HAŞHAŞ, SUSAM
Seydişehir;BAŞKARAÖREN;HAŞHAŞ, SUSAM
Seydişehir;BOSTANDERE;KATRAN, KEKİK, PAPATYA
Seydişehir;BOYALI;HAŞHAŞ
Seydişehir;BÜKÇE;YOK
Seydişehir;ÇAT;YOK
Seydişehir;ÇATMAKAYA;YOK
Seydişehir;ÇAVUŞ;YOK
Seydişehir;DİKİLİTAŞ;YOK
Seydişehir;GEVREKLİ;YOK
Seydişehir;GÖKÇEHÜYÜK;YOK
Seydişehir;GÖKHÜYÜK;YOK
Seydişehir;GÖLYÜZÜ;YOK
Seydişehir;IRMAKLI;YOK
Seydişehir;İNCESU;YOK
Seydişehir;KARABULAK;YOK
Seydişehir;KARACAÖREN;YOK
Seydişehir;KAVAK;YOK
Seydişehir;KETENLİ;YOK
Seydişehir;KIZILCA;YOK
Seydişehir;KOZLU;YOK
Seydişehir;KUMLUCA;YOK
Seydişehir;KURAN;YOK
Seydişehir;MADENLİ;YOK
Seydişehir;MESUDİYE;YOK
Seydişehir;MURADİYE;YOK
Seydişehir;OĞLAKÇI;YOK
Seydişehir;ORTAKARAÖREN;YOK
Seydişehir;SARAYCIK;YOK
Seydişehir;SUSUZ;YOK
Seydişehir;TARAŞÇI;YOK
Seydişehir;TAŞAĞIL;YOK
Seydişehir;TEPECİK;YOK
Seydişehir;TOL;SUSAM
Seydişehir;UFACIK;YOK
Seydişehir;YAYLACIK;ELMACIK
Seydişehir;YENİCE;YOK
Taşkent;AFŞAR;KEKİK
Taşkent;BALCILAR;KEKİK, KUŞBURNU, PAPATYA, KIRKKİLİT OTU, ALIÇ
Taşkent;BOLAY;YOK
Taşkent;ÇETMİ;YOK
Taşkent;KECİMEN;YOK
Taşkent;KONGUL;YOK
Taşkent;SAZAK;YOK
Taşkent;ILICAPINAR;YOK
Tuzlukçu;KONARI;NANE, KİMYON
Tuzlukçu;MEVLÜTLÜ;ASPİR, KİMYON
Tuzlukçu;KORAŞI;YOK
Tuzlukçu;ÇÖĞÜRLÜ;YOK
Tuzlukçu;TURSUNLU;YOK
Tuzlukçu;KUNDULLU;YOK
Tuzlukçu;PAZARKAYA;YOK
Tuzlukçu;SUBATAN;YOK
Tuzlukçu;GÜRSU;YOK
Tuzlukçu;ERDOĞDU;YOK
Tuzlukçu;KÖKLÜCE;YOK
Yalıhüyük;SARAY;YOK
Yalıhüyük;ARASÖĞÜT;YOK
Yunak;KUZÖREN;HAŞHAŞ
Yunak;KOÇYAZI;ANASON, ÇÖREKOTU, KİMYON
Yunak;TURGUT;YOK
Yunak;PİRİBEYLİ;ANASON, KİMYON
Yunak;SÜLÜKLÜ;YOK
Yunak;ALTINÖZ;ÇÖREKOTU, REZENE
Yunak;AYRITEPE;ANASON, DAĞ ÇAYI
Yunak;BEŞIŞIKLI;KİMYON
Yunak;CEBRAİL;ANASON
Yunak;ÇAYIRBAŞI;ANASON, ÇÖREKOTU, KİŞNİŞ, KİMYON
Yunak;EĞRİKUYU;HAŞHAŞ
Yunak;HACIÖMEROĞLU;ANASON, ÇÖREKOTU, KİMYON
Yunak;HATIRLI;ANASON, ÇÖREKOTU, KİMYON
Yunak;HACIFAKILI;YOK
Yunak;HARUNLAR;KİMYON
Yunak;HURSUNLU;DAĞ ÇAYI
Yunak;İMAMOĞLU;ANASON, KİMYON
Yunak;KARGALI;ÇÖREKOTU, KİMYON
Yunak;KARAYAYLA;KİMYON
Yunak;KILLAR;ANASON
Yunak;KURTUŞAĞI;ASPİR, ANASON, DAĞ ÇAYI, KİMYON
Yunak;KUYUBAŞI;ANASON, ÇÖREKOTU, KİŞNİŞ, KİMYON
Yunak;MEŞELİK;YOK
Yunak;ODABAŞI;ANASON, ÇÖREKOTU
Yunak;ORTAKIŞLA;KİMYON
Yunak;ÖZYAYLA;ANASON, ÇÖREKOTU
Yunak;SERTLER;KİMYON
Yunak;SEVİNÇ;KEKİK, ADA ÇAYI, KİMYON
Yunak;SIRAM;REZENE, KİMYON
Yunak;SİNANLI;KİMYON
Yunak;YAVAŞLI;ANASON, KİMYON
Yunak;YEŞİLOBA;ANASON, KEKİK, KİMYON
Yunak;YEŞİLYAYLA;ÇÖREKOTU
Yunak;YIĞAR;YOK
Yunak;SARAY;ASPİR
;;
