,ilce_adi,mahalle_adi,tibbi_ve_aromatik_bitki_yetistiriciligi
0,Ahırlı,ALİÇERÇİ,YOK
1,Ahırlı,BADEMLİ,YOK
2,Ahırlı,BALIKLAVA,"ÇÖREKOTU, NANE, DAĞ ÇAYI"
3,Ahırlı,BÜYÜKÖZ,YOK
4,Ahırlı,ÇİFTLİK,YOK
5,Ahırlı,ERDOĞAN,LAVANTA
6,Ahırlı,KARACAKUYU,YOK
7,Ahırlı,KAYACIK,"LAVANTA, NANE, DAĞ ÇAYI"
8,Ahırlı,KURUÇAY,ADA ÇAYI
9,Ahırlı,KÜÇÜKÖZ,YOK
10,Akören,AVDAN,KEKİK
11,Akören,KAYASU,"NANE, EKİNEZYA, KEKİK, ADA ÇAYI"
12,Akören,AHMEDİYE,YOK
13,Akören,ALAN,YOK
14,Akören,BELKUYU,ÇÖREKOTU
15,Akören,ÇATÖREN,"NANE, KEKİK, ADA ÇAYI"
16,Akören,DUTLU,"NANE, DAĞ ÇAYI, KEKİK"
17,Akören,ORHANİYE,ÇÖREKOTU
18,Akören,SÜLEYMANİYE,YOK
19,Akören,TÜLCE,YOK
20,Akören,KARAHÜYÜK,YOK
21,Akşehir,ÇAKILLAR,"KEKİK, ADA ÇAYI"
22,Akşehir,GEDİL,"NANE, KEKİK, KİMYON"
23,Akşehir,KARAHÜYÜK,HAŞHAŞ
24,Akşehir,ADSIZ,YOK
25,Akşehir,ALANYURT,YOK
26,Akşehir,ALTUNTAŞ,"ÇÖREKOTU, KEKİK"
27,Akşehir,ATAKENT,HAŞHAŞ
28,Akşehir,BOZLAĞAN,YOK
29,Akşehir,CANKURTARAN,YOK
30,Akşehir,ÇAMLI,"ÇÖREKOTU, NANE, KEKİK"
31,Akşehir,ÇİMENDERE,ÇÖREKOTU
32,Akşehir,DEĞİRMENKÖY,YOK
33,Akşehir,DOĞRUGÖZ,YOK
34,Akşehir,ENGİLİ,"KATRAN, ÇÖREKOTU"
35,Akşehir,GÖLÇAYIR,YOK
36,Akşehir,GÖZPINARI,ÇÖREKOTU
37,Akşehir,ILICAK,YOK
38,Akşehir,KARABULUT,ÇÖREKOTU
39,Akşehir,ORTACA,YOK
40,Akşehir,ORTAKÖY,YOK
41,Akşehir,REİS,YOK
42,Akşehir,SAVAŞ,DAĞ ÇAYI
43,Akşehir,SORKUN,YOK
44,Akşehir,SÖĞÜTLÜ,YOK
45,Akşehir,TEKKE,"DAĞ ÇAYI, KEKİK"
46,Akşehir,TİPİKÖY,"ANASON, HAŞHAŞ"
47,Akşehir,ULUPINAR,ÇÖREKOTU
48,Akşehir,ÜÇHÜYÜK,YOK
49,Akşehir,YAŞARLAR,YOK
50,Akşehir,YAYLABELEN,KEKİK
51,Akşehir,YAZLA,"HAŞHAŞ, ÇÖREKOTU"
52,Akşehir,YENİKÖY,YOK
53,Akşehir,YEŞİLKÖY,YOK
54,Akşehir,SARAY,YOK
55,Altınekin,OĞUZELİ,YOK
56,Altınekin,AKCAŞAR,YOK
57,Altınekin,AYIŞIĞI,YOK
58,Altınekin,AKKÖY,YOK
59,Altınekin,BORUKKUYU,YOK
60,Altınekin,HACINUMAN,"ASPİR, LAVANTA, ANASON"
61,Altınekin,KARAKAYA,"IHLAMUR, ÇÖREKOTU, KEKİK"
62,Altınekin,KOÇAŞ,"DAĞ ÇAYI, KEKİK, KİMYON, ALIÇ"
63,Altınekin,KOÇYAKA,YOK
64,Altınekin,MANTAR,YOK
65,Altınekin,YENİÖLMEZ,YOK
66,Altınekin,SARNIÇ,YOK
67,Altınekin,TOPRAKLIK,YOK
68,Altınekin,YENİKUYU,YOK
69,Altınekin,YENİYAYLA,YOK
70,Altınekin,DEDELER,ÇÖREKOTU
71,Altınekin,AKINCILAR,YOK
72,Beyşehir,ADAKÖY,YOK
73,Beyşehir,AĞILÖNÜ,YOK
74,Beyşehir,AKBURUN,YOK
75,Beyşehir,AKÇABELEN,YOK
76,Beyşehir,AVDANCIK,YOK
77,Beyşehir,BADEMLİ,YOK
78,Beyşehir,BAYAT,YOK
79,Beyşehir,BAYAVŞAR,YOK
80,Beyşehir,BAYINDIR,YOK
81,Beyşehir,BAŞGÖZE,YOK
82,Beyşehir,BEKDEMİR,YOK
83,Beyşehir,DAMLAPINAR,"LAVANTA, KIZILCIK, KEKİK, KUŞBURNU"
84,Beyşehir,DOĞANBEY,YOK
85,Beyşehir,DOĞANCIK,YOK
86,Beyşehir,DUMANLI,"IHLAMUR, KEKİK, ADA ÇAYI"
87,Beyşehir,EMEN,ASPİR
88,Beyşehir,ESENCE,YOK
89,Beyşehir,EYLİKLER,YOK
90,Beyşehir,EĞİRLER,YOK
91,Beyşehir,FASILLAR,YOK
92,Beyşehir,GÖKÇEKUYU,"KEKİK, ADA ÇAYI"
93,Beyşehir,GÖKÇİMEN,"ASPİR, SUSAM"
94,Beyşehir,GÖLKAŞI,YOK
95,Beyşehir,GÖLYAKA,YOK
96,Beyşehir,GÖNEN,KEKİK
97,Beyşehir,GÖÇÜ,YOK
98,Beyşehir,GÜNDOĞDU,YOK
99,Beyşehir,HUĞLU,KEKİK
100,Beyşehir,HÜSEYİNLER,YOK
101,Beyşehir,İSAKÖY,"IHLAMUR, KEKİK, ADA ÇAYI"
102,Beyşehir,KARAALİ,YOK
103,Beyşehir,KARABAYAT,YOK
104,Beyşehir,KARADİKEN,"OĞUL OTU, KEKİK, ADA ÇAYI"
105,Beyşehir,KARAHİSAR,YOK
106,Beyşehir,KAYABAŞI,YOK
107,Beyşehir,KURUCUOVA,YOK
108,Beyşehir,KUŞLUCA,YOK
109,Beyşehir,KÜÇÜKAVŞAR,YOK
110,Beyşehir,MESUTLAR,YOK
111,Beyşehir,SADIKHACI,HAŞHAŞ
112,Beyşehir,SARIKÖY,YOK
113,Beyşehir,SEVİNDİK,YOK
114,Beyşehir,ŞAMLAR,YOK
115,Beyşehir,ÜÇPINAR,"IHLAMUR, KEKİK, ADA ÇAYI"
116,Beyşehir,ÜSTÜNLER,YOK
117,Beyşehir,ÜZÜMLÜ,YOK
118,Beyşehir,YAZYURDU,YOK
119,Beyşehir,YENİDOĞAN,YOK
120,Beyşehir,YEŞİLDAĞ,"IHLAMUR, KEKİK, ADA ÇAYI"
121,Beyşehir,YUKARIESENCE,YOK
122,Beyşehir,YUNUSLAR,YOK
123,Beyşehir,ÇİFTLİK,YOK
124,Beyşehir,ÇİVRİL,YOK
125,Beyşehir,ÇUKURAĞIL,YOK
126,Bozkır,ÇAĞLAYAN,"DAĞ ÇAYI, KEKİK"
127,Bozkır,HAMZALAR,YOK
128,Bozkır,AKÇAPINAR,ADA ÇAYI
129,Bozkır,ARMUTLU,YOK
130,Bozkır,ARSLANTAŞ,YOK
131,Bozkır,AYDINKIŞLA,YOK
132,Bozkır,AYVALCA,YOK
133,Bozkır,BAĞYURDU,YOK
134,Bozkır,BAYBAĞAN,KEKİK
135,Bozkır,BOZDAM,YOK
136,Bozkır,DEREİÇİ,KİŞNİŞ
137,Bozkır,DEREKÖY,YOK
138,Bozkır,ELMAAĞAÇ,YOK
139,Bozkır,HACILAR,ÇÖREKOTU
140,Bozkır,HACIYUNUSLAR,ÇÖREKOTU
141,Bozkır,HARMANPINAR,YOK
142,Bozkır,HİSARLIK,YOK
143,Bozkır,IŞIKLAR,YOK
144,Bozkır,KARABAYIR,"ÇÖREKOTU, DAĞ ÇAYI"
145,Bozkır,KARACAARDIÇ,YOK
146,Bozkır,KARACAHİSAR,YOK
147,Bozkır,KARAYAHYA,YOK
148,Bozkır,KAYACILAR,YOK
149,Bozkır,KAYAPINAR,YOK
150,Bozkır,KINIK,YOK
151,Bozkır,KIZILÇAKIR,YOK
152,Bozkır,KİLDERE,"LAVANTA, DAĞ ÇAYI, KEKİK"
153,Bozkır,KOVANLIK,YOK
154,Bozkır,KOZAĞAÇ,YOK
155,Bozkır,KUŞÇA,YOK
156,Bozkır,KÜÇÜKHİSARLIK,"NANE, ADA ÇAYI"
157,Bozkır,PINARCIK,YOK
158,Bozkır,SARIOĞLAN,YOK
159,Bozkır,SAZLI,"DAĞ ÇAYI, KEKİK"
160,Bozkır,SOĞUCAK,YOK
161,Bozkır,SORKUN,YOK
162,Bozkır,SÖĞÜT,YOK
163,Bozkır,TARLABAŞI,YOK
164,Bozkır,TAŞBAŞI,YOK
165,Bozkır,TEPEARASI,YOK
166,Bozkır,TEPELİCE,"NANE, DAĞ ÇAYI, KEKİK"
167,Bozkır,ULUPINAR,YOK
168,Bozkır,ÜÇPINAR,"NANE, DAĞ ÇAYI, KEKİK"
169,Bozkır,YALNIZCA,YOK
170,Bozkır,YAZDAMI,YOK
171,Bozkır,YELBEYİ,YOK
172,Bozkır,YENİKÖY,YOK
173,Bozkır,YOLÖREN,YOK
174,Çeltik,GÖKPINAR,"ÇÖREKOTU, NANE"
175,Çeltik,ADAKASIM,"REZENE, KİMYON"
176,Çeltik,DOĞANYURT,"ASPİR, KİMYON"
177,Çeltik,KAŞÖREN,"HAŞHAŞ, REZENE"
178,Çeltik,KÜÇÜKHASAN,"ASPİR, ÇÖREKOTU, REZENE"
179,Çeltik,TORUNLAR,YOK
180,Çeltik,İSHAKUŞAĞI,"ÇÖREKOTU, REZENE, KİMYON"
181,Çeltik,HONAMLI,NANE
182,Cihanbeyli,BÖĞRÜDELİK,"ÇÖREKOTU, NANE"
183,Cihanbeyli,YAPALI,"ÇÖREKOTU, KİMYON"
184,Cihanbeyli,YENİCEOBA,KİMYON
185,Cihanbeyli,CUMHURİYET,KİMYON
186,Cihanbeyli,GEMECİK,KİMYON
187,Cihanbeyli,GÖKTEPE,KİMYON
188,Cihanbeyli,AĞABEYLİ,YOK
189,Cihanbeyli,HODOĞLU,YOK
190,Cihanbeyli,KAYI,KİMYON
191,Cihanbeyli,KIRKIŞLA,ÇÖREKOTU
192,Cihanbeyli,KORKMAZLAR,"ÇÖREKOTU, KİMYON"
193,Cihanbeyli,KÜÇÜKBEŞKAVAK,KİMYON
194,Cihanbeyli,MUTLUKONAK,"REZENE, KİMYON"
195,Cihanbeyli,SAĞLIK,"ÇÖREKOTU, KİMYON"
196,Cihanbeyli,SIĞIRCIK,KİMYON
197,Cihanbeyli,TURANLAR,KİMYON
198,Cihanbeyli,TÜFEKÇİPINAR,KİMYON
199,Cihanbeyli,UZUNCAYAYLA,KİMYON
200,Cihanbeyli,YÜNLÜKUYU,KİMYON
201,Cihanbeyli,ZAFERİYE,"ÇÖREKOTU, KİMYON"
202,Cihanbeyli,GÖLYAZI,"ÇÖREKOTU, KİMYON"
203,Cihanbeyli,GÜNYÜZÜ,YOK
204,Cihanbeyli,İNSUYU,"IHLAMUR, ÇÖREKOTU"
205,Cihanbeyli,KANDİL,KİMYON
206,Cihanbeyli,KARABAĞ,YOK
207,Cihanbeyli,KELHASAN,ANASON
208,Cihanbeyli,KUŞCA,"ÇÖREKOTU, KİMYON"
209,Cihanbeyli,KÜTÜKUŞAĞI,YOK
210,Cihanbeyli,TAŞPINAR,YOK
211,Cihanbeyli,BEYLİOVA,YOK
212,Cihanbeyli,ÇİMEN,KİMYON
213,Cihanbeyli,ÇÖL,KİMYON
214,Cihanbeyli,DAMLAKUYU,YOK
215,Cihanbeyli,BULDUK,KİMYON
216,Cihanbeyli,BÜYÜKBEŞKAVAK,YOK
217,Cihanbeyli,KARATEPE,"ÇÖREKOTU, KİMYON"
218,Çumra,ARIKÖREN,"ÇÖREKOTU, NANE"
219,Çumra,DEDEMOĞLU,NANE
220,Çumra,TÜRKMENCAMİLİ,YOK
221,Çumra,A.B.HÜYÜĞÜ,NANE
222,Çumra,DİNEK,YOK
223,Çumra,İÇERİÇUMRA,YOK
224,Çumra,GÜVERCİNLİK,YOK
225,Çumra,KARKIN,YOK
226,Çumra,OKÇU,YOK
227,Çumra,YENİSU,YOK
228,Çumra,APA,YOK
229,Çumra,ABDİTOLU,YOK
230,Çumra,ADAKALE,YOK
231,Çumra,ALEMDAR,YOK
232,Çumra,APASARAYCIK,YOK
233,Çumra,AFŞAR,YOK
234,Çumra,AVDUL,YOK
235,Çumra,BALÇIKHİSAR,YOK
236,Çumra,BEYLERCE,YOK
237,Çumra,B.AŞLAMA,YOK
238,Çumra,CİCEK,YOK
239,Çumra,ÇUKURKAVAK,YOK
240,Çumra,DİNLENDİK,YOK
241,Çumra,DİNEKSARAY,YOK
242,Çumra,DOĞANLI,YOK
243,Çumra,FETHİYE,YOK
244,Çumra,GÖKHÜYÜK,YOK
245,Çumra,ERENTEPE,KEKİK
246,Çumra,İNLİ,YOK
247,Çumra,KUZUCU,KEKİK
248,Çumra,KÜÇÜKKÖY,NANE
249,Çumra,SEÇME,YOK
250,Çumra,SÜRGÜÇ,YOK
251,Çumra,TAHTALI,DAĞ ÇAYI
252,Çumra,T.KARAHÜYÜK,NANE
253,Çumra,TAŞAĞIL,YOK
254,Çumra,UZUNKUYU,YOK
255,Çumra,ÜÇHÜYÜK,YOK
256,Çumra,ÜRÜNLÜ,YOK
257,Çumra,YÖRÜKCAMİLİ,LAVANTA
258,Çumra,ÇAYBAŞI,"LAVANTA, NANE, KEKİK"
259,Derbent,ÇİFTLİKÖZÜ,YOK
260,Derbent,DEĞİŞ,YOK
261,Derbent,TEKKE,YOK
262,Derbent,GÜNEYKÖY,YOK
263,Derbent,MÜLAYİM,DAĞ ÇAYI
264,Derbent,SARAYPINAR,HAŞHAŞ
265,Derbent,YASSIÖREN,YOK
266,Derbent,SÜLEYMAN,YOK
267,Derbent,KARALAR,YOK
268,Derebucak,ÇAMLIK,"DAĞ ÇAYI, KEKİK"
269,Derebucak,DURAK,YOK
270,Derebucak,GENCEK,"NANE, KEKİK, ADA ÇAYI"
271,Derebucak,GÖYNEM,YOK
272,Derebucak,PINARBAŞI,YOK
273,Derebucak,TAŞLIPINAR,YOK
274,Derebucak,TEPEARASI,YOK
275,Derebucak,UĞURLU,"NANE, KEKİK"
276,Doğanhisar,BAŞKÖY,YOK
277,Doğanhisar,YAZLICA,"KEKİK, ADA ÇAYI"
278,Doğanhisar,AYASLAR,YOK
279,Doğanhisar,ÇINAROBA,ÇÖREKOTU
280,Doğanhisar,DEŞTİĞİN,YOK
281,Doğanhisar,FIRINLI,"KATRAN, OĞUL OTU, DAĞ ÇAYI, KEKİK, KUŞBURNU"
282,Doğanhisar,GÜVENDİK,YOK
283,Doğanhisar,İLYASLAR,YOK
284,Doğanhisar,KARAAĞA,"NANE, KEKİK"
285,Doğanhisar,KEMER,YOK
286,Doğanhisar,KOÇAŞ,KİMYON
287,Doğanhisar,KONAKKALE,YOK
288,Doğanhisar,TEKKE,YOK
289,Doğanhisar,UNCULAR,YOK
290,Doğanhisar,YAZIR,YOK
291,Doğanhisar,YENİCE,YOK
292,Emirgazi,EKİZLİ,KEKİK
293,Emirgazi,AKMESCİT,"KEKİK, KİMYON"
294,Emirgazi,BESCİ,YOK
295,Emirgazi,DEMİRCİ,YOK
296,Emirgazi,GÖLÖREN,"DAĞ ÇAYI, KEKİK"
297,Emirgazi,IŞIKLAR,YOK
298,Emirgazi,KARAÖREN,YOK
299,Emirgazi,MEŞELİ,KEKİK
300,Emirgazi,ÖBEKTAŞ,YOK
301,Emirgazi,YAMAÇ,YOK
302,Ereğli,ZENGEN,YOK
303,Ereğli,ACIPINAR,YOK
304,Ereğli,ADABAĞ,NANE
305,Ereğli,AKHÜYÜK,YOK
306,Ereğli,ALHAN,YOK
307,Ereğli,AŞAĞI GÖNDELEN,YOK
308,Ereğli,AŞIKLAR,YOK
309,Ereğli,AZİZİYE,"NANE, KİMYON"
310,Ereğli,BAHÇELİ,YOK
311,Ereğli,BELCEAĞAÇ,YOK
312,Ereğli,BELKAYA,YOK
313,Ereğli,BEYKÖY,YOK
314,Ereğli,BEYÖREN,KEKİK
315,Ereğli,BULGURLUK,YOK
316,Ereğli,BURHANİYE,YOK
317,Ereğli,BÜYÜKDEDE,"NANE, KEKİK, ADA ÇAYI"
318,Ereğli,ÇAKMAK,"NANE, KEKİK"
319,Ereğli,ÇAYHAN,KİMYON
320,Ereğli,ÇİLLER,KİMYON
321,Ereğli,ÇİMENCİK,YOK
322,Ereğli,GAYBİ,YOK
323,Ereğli,GÖKÇEYAZI,NANE
324,Ereğli,GÖKTÖME,YOK
325,Ereğli,HACIMEMİŞ,YOK
326,Ereğli,KAMIŞLIKUYU,YOK
327,Ereğli,KARABURUN,YOK
328,Ereğli,KARGACI,"NANE, KEKİK"
329,Ereğli,KIZILGEDİK,YOK
330,Ereğli,KUSKUNCUK,KİMYON
331,Ereğli,KUTÖREN,YOK
332,Ereğli,KUZUKUYU,KİMYON
333,Ereğli,MELİCEK,YOK
334,Ereğli,ORHANİYE,"HAŞHAŞ, ÇÖREKOTU, NANE, KİMYON"
335,Ereğli,ÖZGÜRLER,YOK
336,Ereğli,PINARÖZÜ,YOK
337,Ereğli,SARICA,YOK
338,Ereğli,SARITOPALLI,NANE
339,Ereğli,SELVİLİ,"ÇÖREKOTU, NANE"
340,Ereğli,TAŞAĞIL,YOK
341,Ereğli,TAŞBUDAK,ÇÖREKOTU
342,Ereğli,TATLIKUYU,YOK
343,Ereğli,TÜRKMEN,YOK
344,Ereğli,ULUMEŞE,YOK
345,Ereğli,YAZLIK,ÇEMEN
346,Ereğli,YELLİCE,YOK
347,Ereğli,YENİKÖY,"KİMYON, SUSAM"
348,Ereğli,YILDIZLI,YOK
349,Ereğli,YUKARIGÖNDELEN,ÇÖREKOTU
350,Ereğli,HORTU,YOK
351,Ereğli,ACIKUYU,"NANE, KEKİK, KİMYON"
352,Güneysınır,GÜRAĞAÇ,YOK
353,Güneysınır,AĞAÇOBA,"KEKİK, ADA ÇAYI"
354,Güneysınır,ALANÖZÜ,YOK
355,Güneysınır,AVCITEPE,YOK
356,Güneysınır,AYDOĞMUŞ,ÇÖREKOTU
357,Güneysınır,HABİLLER,KEKİK
358,Güneysınır,KARAGÜNEY,YOK
359,Güneysınır,KAYAAĞZI,"NANE, KEKİK"
360,Güneysınır,KIZILÖZ,YOK
361,Güneysınır,KURUKAVAK,YOK
362,Güneysınır,MEHMET ALİ,ÇÖREKOTU
363,Güneysınır,ÖMEROĞLU,YOK
364,Güneysınır,ÖRENBOYALI,YOK
365,Güneysınır,SARIHACI,YOK
366,Hadim,AŞAĞIEŞENLER,YOK
367,Hadim,AŞAĞIKIZILKAYA,"ÇÖREKOTU, SAFRAN"
368,Hadim,BADEMLİ,"KATRAN, KANTARON"
369,Hadim,BAĞBAŞI,"KEKİK, SUMAK"
370,Hadim,BEYRELİ,"ASPİR, IHLAMUR, ÇÖREKOTU, NANE, KUŞBURNU, PAPATYA, ADA ÇAYI, SALEP"
371,Hadim,BOLAT,YOK
372,Hadim,ÇİFTEPINAR,"BİBERİYE, NANE, EKİNEZYA, KEKİK"
373,Hadim,DEDEMLİ,YOK
374,Hadim,DÜLGERLER,ÇÖREKOTU
375,Hadim,FAKILAR,YOK
376,Hadim,GAZİLER,YOK
377,Hadim,GÖYNÜKKIŞLA,"NANE, KEKİK"
378,Hadim,GÜLPINAR,"KEKİK, SUMAK, KANTARON"
379,Hadim,İĞDEÖREN,"NANE, KEKİK, ADA ÇAYI"
380,Hadim,KALINAĞIL,"KANTARON, SALEP"
381,Hadim,KAPLANLI,"NANE, KEKİK, ADA ÇAYI"
382,Hadim,GEZLEVİ,"KEKİK, KUŞBURNU"
383,Hadim,KÜPLÜCE,YOK
384,Hadim,ODUNCU,"KEKİK, KUŞBURNU, KANTARON, SALEP"
385,Hadim,SARNIÇ,YOK
386,Hadim,SELAHATTİN,YOK
387,Hadim,UMURLAR,YOK
388,Hadim,YAĞCI,YOK
389,Hadim,YALINÇEVRE,KANTARON
390,Hadim,YELMEZ,YOK
391,Hadim,YENİKONAK,"KEKİK, PAPATYA"
392,Hadim,YUKARIEŞENLER,"NANE, KEKİK"
393,Halkapınar,İVRİZ,YOK
394,Halkapınar,BÜYÜKDOĞAN,YOK
395,Halkapınar,DEDELİ,YOK
396,Halkapınar,DELİMAHMUTLU,"BİBERİYE, KEKİK, KUŞBURNU, PAPATYA, REZENE, ADA ÇAYI"
397,Halkapınar,ESKİHİSAR,YOK
398,Halkapınar,KARAYUSUFLU,YOK
399,Halkapınar,KAYASARAY,"NANE, KEKİK, ADA ÇAYI, KANTARON"
400,Halkapınar,KÖRLÜ,YOK
401,Halkapınar,KÜSERE,YOK
402,Halkapınar,OSMANKÖSELİ,YOK
403,Halkapınar,SEYDİFAKILI,YOK
404,Halkapınar,YASSIKAYA,YOK
405,Halkapınar,YAYIKLI,YOK
406,Halkapınar,YEŞİLYURT,"NANE, KEKİK, KUŞBURNU, ADA ÇAYI"
407,Halkapınar,ÇAKILLAR,"KEKİK, ADA ÇAYI"
408,Hüyük,BAŞLAMIŞ,YOK
409,Hüyük,BUDAK,"FESLEĞEN, ÇÖREKOTU, NANE, KEKİK, KUŞBURNU, PAPATYA, REZENE"
410,Hüyük,BURUNSUZ,YOK
411,Hüyük,ÇAMLICA,LAVANTA
412,Hüyük,ÇAVUŞ,OĞUL OTU
413,Hüyük,ÇUKURKENT,YOK
414,Hüyük,DEĞİRMENALTI,YOK
415,Hüyük,GÖÇERİ,YOK
416,Hüyük,GÖRÜNMEZ,YOK
417,Hüyük,İLMEN,LAVANTA
418,Hüyük,İMRENLER,"KEKİK, ADA ÇAYI"
419,Hüyük,KIRELİ,YOK
420,Hüyük,KÖŞK,HAŞHAŞ
421,Hüyük,MUTLU,YOK
422,Hüyük,PINARBAŞI,YOK
423,Hüyük,SELKİ,YOK
424,Hüyük,SULUDERE,YOK
425,Hüyük,TOLCA,"NANE, KEKİK"
426,Hüyük,YENİCE,YOK
427,Ilgın,ARGITHANI,KEKİK
428,Ilgın,BEYKONAK,KEKİK
429,Ilgın,ÇAVUŞÇUGÖL,ÇÖREKOTU
430,Ilgın,AĞALAR,HAŞHAŞ
431,Ilgın,BALKI,YOK
432,Ilgın,BARAKMUSLU,YOK
433,Ilgın,BELEKLER,"HAŞHAŞ, ÇÖREKOTU"
434,Ilgın,BOĞAZKENT,"HAŞHAŞ, ÇÖREKOTU, KİMYON"
435,Ilgın,BULCUK,HAŞHAŞ
436,Ilgın,BÜYÜKOBA,YOK
437,Ilgın,ÇİĞİL,KEKİK
438,Ilgın,ÇATAK,HAŞHAŞ
439,Ilgın,ÇOBANKAYA,KİMYON
440,Ilgın,ÇÖMLEKCİ,"KEKİK, ADA ÇAYI, KİMYON"
441,Ilgın,DEREKÖY,YOK
442,Ilgın,DIĞRAK,YOK
443,Ilgın,DÜĞER,YOK
444,Ilgın,ELDEŞ,YOK
445,Ilgın,GEÇİT,YOK
446,Ilgın,GEDİKÖREN,HAŞHAŞ
447,Ilgın,GÖSTERE,HAŞHAŞ
448,Ilgın,GÖKÇEYURT,HAŞHAŞ
449,Ilgın,GÖLYAKA,HAŞHAŞ
450,Ilgın,GÖKBUDAK,HAŞHAŞ
451,Ilgın,GÜNEYPINAR,HAŞHAŞ
452,Ilgın,HARMANYAZI,HAŞHAŞ
453,Ilgın,İHSANİYE,"HAŞHAŞ, KİMYON"
454,Ilgın,KAPAKLI,YOK
455,Ilgın,KARAKÖY,"ANASON, HAŞHAŞ, ÇÖREKOTU, KİMYON"
456,Ilgın,KALEKÖY,YOK
457,Ilgın,MAHMUTHİSAR,HAŞHAŞ
458,Ilgın,MECİDİYE,"HAŞHAŞ, ÇÖREKOTU"
459,Ilgın,MİSAFİRLİ,YOK
460,Ilgın,OLUKPINAR,HAŞHAŞ
461,Ilgın,ORHANİYE,YOK
462,Ilgın,ORMANÖZÜ,HAŞHAŞ
463,Ilgın,SADIKKÖY,HAŞHAŞ
464,Ilgın,SEBİLLER,HAŞHAŞ
465,Ilgın,TEKELER,YOK
466,Ilgın,YUKARIÇİĞİL,YOK
467,Ilgın,YORAZLAR,"KEKİK, ADA ÇAYI"
468,Ilgın,ZAFERİYE,HAŞHAŞ
469,Ilgın,AVDAN,"ANASON, KİMYON"
470,Kadınhanı,OSMANCIK,YOK
471,Kadınhanı,AFŞARLI,YOK
472,Kadınhanı,ALABAĞ,"ÇÖREKOTU, KİMYON"
473,Kadınhanı,ATLANTI,YOK
474,Kadınhanı,BAKIRPINAR,KEKİK
475,Kadınhanı,BAŞKUYU,KİMYON
476,Kadınhanı,BAYRAMLI,YOK
477,Kadınhanı,BEYKAVAĞI,YOK
478,Kadınhanı,BULGURPINAR,YOK
479,Kadınhanı,ÇAVDAR,ÇÖREKOTU
480,Kadınhanı,ÇEŞMECİK,YOK
481,Kadınhanı,ÇUBUK,YOK
482,Kadınhanı,DEMİROLUK,YOK
483,Kadınhanı,HACIMEHMETLİ,YOK
484,Kadınhanı,HACIOFLAZLAR,YOK
485,Kadınhanı,HACIPİRLİ,YOK
486,Kadınhanı,KABACALI,YOK
487,Kadınhanı,KAMIŞLIÖZÜ,YOK
488,Kadınhanı,KARAHİSARLI,YOK
489,Kadınhanı,KARAKURTLU,YOK
490,Kadınhanı,KARASEVİNÇ,ÇÖREKOTU
491,Kadınhanı,KARAYÜRÜKLÜ,YOK
492,Kadınhanı,KIZILKUYU,YOK
493,Kadınhanı,KOLUKISA,YOK
494,Kadınhanı,KONURÖREN,KİMYON
495,Kadınhanı,KÖKEZ,YOK
496,Kadınhanı,KÖYLÜTOLU,YOK
497,Kadınhanı,KURTHASANLI,YOK
498,Kadınhanı,KÜÇÜKKUYU,YOK
499,Kadınhanı,MAHMUDİYE,"ANASON, ÇÖREKOTU, KİMYON"
500,Kadınhanı,MEYDANLI,ÇÖREKOTU
501,Kadınhanı,ÖRNEK,KİMYON
502,Kadınhanı,PİRALİ,ÇÖREKOTU
503,Kadınhanı,PUSAT,REZENE
504,Kadınhanı,SAÇIKARA,YOK
505,Kadınhanı,SARIKAYA,ÇÖREKOTU
506,Kadınhanı,SÖĞÜTÖZÜ,YOK
507,Kadınhanı,ŞAHÖREN,YOK
508,Kadınhanı,TOSUNOĞLU,YOK
509,Kadınhanı,YAĞLICA,YOK
510,Kadınhanı,YAYLAYAKA,ÇÖREKOTU
511,Karapınar,HOTAMIŞ,YOK
512,Karapınar,KESMEZ,YOK
513,Karapınar,AKÇAYAZI,YOK
514,Karapınar,AKÖREN,YOK
515,Karapınar,ÇİĞİL,YOK
516,Karapınar,HASANOBA,YOK
517,Karapınar,İSLİK,YOK
518,Karapınar,KARAKIŞLA,YOK
519,Karapınar,KAYACIK,YOK
520,Karapınar,KAYALI,YOK
521,Karapınar,KAZANHÜYÜĞÜ,YOK
522,Karapınar,KÜÇÜKAŞLAMA,YOK
523,Karapınar,ORTAOBA,YOK
524,Karapınar,OYMALI,YOK
525,Karapınar,SAZLIPINAR,YOK
526,Karapınar,YAĞMAPINAR,YOK
527,Karapınar,YENİKUYU,YOK
528,Karapınar,YEŞİLYURT,YOK
529,Karatay,YARMA,YOK
530,Karatay,ACIDORT,YOK
531,Karatay,AĞSAKLI,YOK
532,Karatay,AKBAŞ,YOK
533,Karatay,AKÖRENKIŞLA,YOK
534,Karatay,BAKIRTOLU,YOK
535,Karatay,BAŞGÖTÜREN,YOK
536,Karatay,BEŞAĞIL,YOK
537,Karatay,BÜYÜKBURNAK,YOK
538,Karatay,ÇENGİLTİ,YOK
539,Karatay,DİVANLAR,YOK
540,Karatay,ESENTEPE,YOK
541,Karatay,GÖÇÜ,YOK
542,Karatay,HAYIROĞLU MERKEZ,YOK
543,Karatay,İPEKLER,YOK
544,Karatay,İSMİL,YOK
545,Karatay,KARADONA,YOK
546,Karatay,KARAKAYA,YOK
547,Karatay,KATRANCI,YOK
548,Karatay,KIZÖREN,YOK
549,Karatay,KÖSEALİ,YOK
550,Karatay,OBRUK,YOK
551,Karatay,OVAKAVAĞI,YOK
552,Karatay,SAKYATAN,YOK
553,Karatay,SÜRÜÇ,ÇÖREKOTU
554,Karatay,ŞATIR,YOK
555,Karatay,YAĞLIBAYAT,YOK
556,Karatay,YAVŞANKUYU,YOK
557,Karatay,YENİCE,YOK
558,Karatay,YENİKENT,ASPİR
559,Karatay,ZİNCİRLİ,YOK
560,Kulu,ACIKUYU,"ÇÖREKOTU, KİMYON"
561,Kulu,AĞILBAŞI,YOK
562,Kulu,ALTILAR,"ASPİR, KİMYON"
563,Kulu,ARŞINCA,KİMYON
564,Kulu,BEŞKARDEŞ,KİMYON
565,Kulu,BOĞAZÖREN,KİMYON
566,Kulu,BOZAN,KİMYON
567,Kulu,BURUNAĞIL,KİMYON
568,Kulu,CANIMANA,KİMYON
569,Kulu,CELEP,KİMYON
570,Kulu,DİPDEDE,YOK
571,Kulu,DOĞUTEPE,"ASPİR, KİMYON"
572,Kulu,FEVZİYE,"ASPİR, KİMYON"
573,Kulu,GÖKLER,YOK
574,Kulu,GÜZELYAYLA,KİMYON
575,Kulu,HİSAR,KİMYON
576,Kulu,KARACADAĞ,ÇÖREKOTU
577,Kulu,KARACADERE,KİMYON
578,Kulu,KIRKKUYU,KİMYON
579,Kulu,KIRKPINAR,YOK
580,Kulu,KOZANLI,"ÇÖREKOTU, KİMYON"
581,Kulu,KÖMÜŞİNİ,KİMYON
582,Kulu,KÖŞKER,"ÇÖREKOTU, KİMYON"
583,Kulu,SARIYAYLA,KİMYON
584,Kulu,SEYİTAHMETLİ,KİMYON
585,Kulu,SOĞUKKUYU,KİMYON
586,Kulu,ŞEREFLİ,KİMYON
587,Kulu,TAVLIÖREN,KİMYON
588,Kulu,ÖMERANLI,KİMYON
589,Kulu,TUZYAKA,"ÇÖREKOTU, KİMYON"
590,Kulu,YARAŞLI,KİMYON
591,Kulu,YAZIÇAYIR,KİMYON
592,Kulu,YEŞİLTEPE,"ÇÖREKOTU, KİMYON"
593,Kulu,YEŞİLYURT,KİMYON
594,Kulu,ZİNCİRLİKUYU,"ÇÖREKOTU, KİMYON"
595,Kulu,BAHADIRLI,ÇÖREKOTU
596,Kulu,DEĞİRMENÖZÜ,"ÇÖREKOTU, KİMYON"
597,Meram,ERENKAYA,YOK
598,Meram,YATAĞAN,YOK
599,Meram,GÖKYURT,"ÇÖREKOTU, GİLABURU"
600,Meram,BAYAT,ADA ÇAYI
601,Meram,BORUKTOLU,YOK
602,Meram,BOTSA,"ASPİR, ÇÖREKOTU"
603,Meram,ÇAYIRBAĞI,YOK
604,Meram,ÇOMAKLAR,YOK
605,Meram,ÇUKURÇİMEN,YOK
606,Meram,EVLİYATEKKE,"ÇÖREKOTU, GİLABURU"
607,Meram,HATUNSARAY,YOK
608,Meram,İKİPINAR,YOK
609,Meram,İLYASBABA,YOK
610,Meram,İNLİCE,YOK
611,Meram,KARAAĞAÇ,YOK
612,Meram,KAVAK,YOK
613,Meram,KAYADİBİ,YOK
614,Meram,KAYALI,YOK
615,Meram,KAYHÜYÜK,YOK
616,Meram,KIZILÖREN,"GOJİ BERRY, KEKİK, ADA ÇAYI"
617,Meram,KUMRALI,"DAĞ ÇAYI, KEKİK"
618,Meram,SADIKLAR,DAĞ ÇAYI
619,Meram,SAĞLIK,YOK
620,Meram,SARIKIZ,YOK
621,Meram,SEFAKÖY,YOK
622,Meram,YEŞİLDERE,YOK
623,Meram,YEŞİLTEKKE,ÇÖREKOTU
624,Meram,KAŞINHANI,"LAVANTA, NANE"
625,Sarayönü,LADİK,"ÇÖREKOTU, KİMYON"
626,Sarayönü,BAHÇESARAY,YOK
627,Sarayönü,BAŞHÜYÜK,YOK
628,Sarayönü,BOYALI,ÇÖREKOTU
629,Sarayönü,BÜYÜKZENGİ,KEKİK
630,Sarayönü,ÇEŞMELİSEBİL,"ÇÖREKOTU, NANE"
631,Sarayönü,DEĞİRMENLİ,YOK
632,Sarayönü,ERTUĞRUL,YOK
633,Sarayönü,GÖZLÜ,"NANE, ADA ÇAYI"
634,Sarayönü,KADIOĞLU,YOK
635,Sarayönü,KARABIYIK,"ANASON, KİMYON"
636,Sarayönü,KARATEPE,YOK
637,Sarayönü,KAYIÖREN,KİMYON
638,Sarayönü,KONAR,YOK
639,Sarayönü,KURŞUNLU,YOK
640,Sarayönü,KUYULUSEBİL,"ANASON, KİMYON"
641,Sarayönü,ÖZKENT,YOK
642,Sarayönü,YENİCEKAYA,YOK
643,Selçuklu,BAŞARAKAVAK,NANE
644,Selçuklu,hasan,
645,Selçuklu,SARAYKÖY,YOK
646,Selçuklu,SULUTAS,YOK
647,Selçuklu,TATKÖY,KEKİK
648,Selçuklu,AKPINAR,YOK
649,Selçuklu,BAĞRIKURT,YOK
650,Selçuklu,BİÇER,YOK
651,Selçuklu,ÇALDERE,KİMYON
652,Selçuklu,ÇALTI,YOK
653,Selçuklu,ÇANDIR,YOK
654,Selçuklu,DAĞDERE,YOK
655,Selçuklu,EĞRİBAYAT,YOK
656,Selçuklu,GÜVENÇ,YOK
657,Selçuklu,KALE,YOK
658,Selçuklu,KARAÖMERLER,YOK
659,Selçuklu,KERVAN,YOK
660,Selçuklu,KINIK,YOK
661,Selçuklu,KIZILCAKUYU,YOK
662,Selçuklu,MEYDAN,YOK
663,Selçuklu,SELAHATTİN,YOK
664,Selçuklu,SIZMA,YOK
665,Selçuklu,TEPEKENT,YOK
666,Selçuklu,ULUMUHSİNE,"ÇÖREKOTU, KEKİK"
667,Selçuklu,YAZIBELEN,YOK
668,Selçuklu,SİLLE,YOK
669,Selçuklu,ARDIÇLI,YOK
670,Selçuklu,AŞAĞIPINARBAŞI,YOK
671,Selçuklu,YUKARIPINARBAŞI,YOK
672,Selçuklu,KÜÇÜKMUHSİNE,"NANE, KEKİK, ADA ÇAYI"
673,Selçuklu,SARICALAR,"DAĞ ÇAYI, KEKİK"
674,Selçuklu,TÖMEK,YOK
675,Selçuklu,YÜKSELEN,YOK
676,Selçuklu,Mehmet Fatih,
677,Seydişehir,KESECİK,"NANE, KEKİK, ADA ÇAYI"
678,Seydişehir,AKÇALAR,YOK
679,Seydişehir,AŞAĞIKARAÖREN,"HAŞHAŞ, SUSAM"
680,Seydişehir,BAŞKARAÖREN,"HAŞHAŞ, SUSAM"
681,Seydişehir,BOSTANDERE,"KATRAN, KEKİK, PAPATYA"
682,Seydişehir,BOYALI,HAŞHAŞ
683,Seydişehir,BÜKÇE,YOK
684,Seydişehir,ÇAT,YOK
685,Seydişehir,ÇATMAKAYA,YOK
686,Seydişehir,ÇAVUŞ,YOK
687,Seydişehir,DİKİLİTAŞ,YOK
688,Seydişehir,GEVREKLİ,YOK
689,Seydişehir,GÖKÇEHÜYÜK,YOK
690,Seydişehir,GÖKHÜYÜK,YOK
691,Seydişehir,GÖLYÜZÜ,YOK
692,Seydişehir,IRMAKLI,YOK
693,Seydişehir,İNCESU,YOK
694,Seydişehir,KARABULAK,YOK
695,Seydişehir,KARACAÖREN,YOK
696,Seydişehir,KAVAK,YOK
697,Seydişehir,KETENLİ,YOK
698,Seydişehir,KIZILCA,YOK
699,Seydişehir,KOZLU,YOK
700,Seydişehir,KUMLUCA,YOK
701,Seydişehir,KURAN,YOK
702,Seydişehir,MADENLİ,YOK
703,Seydişehir,MESUDİYE,YOK
704,Seydişehir,MURADİYE,YOK
705,Seydişehir,OĞLAKÇI,YOK
706,Seydişehir,ORTAKARAÖREN,YOK
707,Seydişehir,SARAYCIK,YOK
708,Seydişehir,SUSUZ,YOK
709,Seydişehir,TARAŞÇI,YOK
710,Seydişehir,TAŞAĞIL,YOK
711,Seydişehir,TEPECİK,YOK
712,Seydişehir,TOL,SUSAM
713,Seydişehir,UFACIK,YOK
714,Seydişehir,YAYLACIK,ELMACIK
715,Seydişehir,YENİCE,YOK
716,Taşkent,AFŞAR,KEKİK
717,Taşkent,BALCILAR,"KEKİK, KUŞBURNU, PAPATYA, KIRKKİLİT OTU, ALIÇ"
718,Taşkent,BOLAY,YOK
719,Taşkent,ÇETMİ,YOK
720,Taşkent,KECİMEN,YOK
721,Taşkent,KONGUL,YOK
722,Taşkent,SAZAK,YOK
723,Taşkent,ILICAPINAR,YOK
724,Tuzlukçu,KONARI,"NANE, KİMYON"
725,Tuzlukçu,MEVLÜTLÜ,"ASPİR, KİMYON"
726,Tuzlukçu,KORAŞI,YOK
727,Tuzlukçu,ÇÖĞÜRLÜ,YOK
728,Tuzlukçu,TURSUNLU,YOK
729,Tuzlukçu,KUNDULLU,YOK
730,Tuzlukçu,PAZARKAYA,YOK
731,Tuzlukçu,SUBATAN,YOK
732,Tuzlukçu,GÜRSU,YOK
733,Tuzlukçu,ERDOĞDU,YOK
734,Tuzlukçu,KÖKLÜCE,YOK
735,Yalıhüyük,SARAY,YOK
736,Yalıhüyük,ARASÖĞÜT,YOK
737,Yunak,KUZÖREN,HAŞHAŞ
738,Yunak,KOÇYAZI,"ANASON, ÇÖREKOTU, KİMYON"
739,Yunak,TURGUT,YOK
740,Yunak,PİRİBEYLİ,"ANASON, KİMYON"
741,Yunak,SÜLÜKLÜ,YOK
742,Yunak,ALTINÖZ,"ÇÖREKOTU, REZENE"
743,Yunak,AYRITEPE,"ANASON, DAĞ ÇAYI"
744,Yunak,BEŞIŞIKLI,KİMYON
745,Yunak,CEBRAİL,ANASON
746,Yunak,ÇAYIRBAŞI,"ANASON, ÇÖREKOTU, KİŞNİŞ, KİMYON"
747,Yunak,EĞRİKUYU,HAŞHAŞ
748,Yunak,HACIÖMEROĞLU,"ANASON, ÇÖREKOTU, KİMYON"
749,Yunak,HATIRLI,"ANASON, ÇÖREKOTU, KİMYON"
750,Yunak,HACIFAKILI,YOK
751,Yunak,HARUNLAR,KİMYON
752,Yunak,HURSUNLU,DAĞ ÇAYI
753,Yunak,İMAMOĞLU,"ANASON, KİMYON"
754,Yunak,KARGALI,"ÇÖREKOTU, KİMYON"
755,Yunak,KARAYAYLA,KİMYON
756,Yunak,KILLAR,ANASON
757,Yunak,KURTUŞAĞI,"ASPİR, ANASON, DAĞ ÇAYI, KİMYON"
758,Yunak,KUYUBAŞI,"ANASON, ÇÖREKOTU, KİŞNİŞ, KİMYON"
759,Yunak,MEŞELİK,YOK
760,Yunak,ODABAŞI,"ANASON, ÇÖREKOTU"
761,Yunak,ORTAKIŞLA,KİMYON
762,Yunak,ÖZYAYLA,"ANASON, ÇÖREKOTU"
763,Yunak,SERTLER,KİMYON
764,Yunak,SEVİNÇ,"KEKİK, ADA ÇAYI, KİMYON"
765,Yunak,SIRAM,"REZENE, KİMYON"
766,Yunak,SİNANLI,KİMYON
767,Yunak,YAVAŞLI,"ANASON, KİMYON"
768,Yunak,YEŞİLOBA,"ANASON, KEKİK, KİMYON"
769,Yunak,YEŞİLYAYLA,ÇÖREKOTU
770,Yunak,YIĞAR,YOK
771,Yunak,SARAY,ASPİR
772,,,
