,ilce_adi,mahalle_adi,alternatif_yeni_urun_cesitleri_uretimi
0,Ahırlı,ALİÇERÇİ,AYÇİÇEĞİ
1,Ahırlı,BADEMLİ,YOK
2,Ahırlı,BALIKLAVA,YOK
3,Ahırlı,BÜYÜKÖZ,YOK
4,Ahırlı,ÇİFTLİK,YOK
5,Ahırlı,ERDOĞAN,YOK
6,Ahırlı,KARACAKUYU,YOK
7,Ahırlı,KAYACIK,YOK
8,Ahırlı,KURUÇAY,YOK
9,Ahırlı,KÜÇÜKÖZ,YOK
10,Akören,AVDAN,YOK
11,Akören,KAYASU,BEZELYE
12,Akören,AHMEDİYE,YOK
13,Akören,ALAN,ASPİR
14,Akören,BELKUYU,SİLAJLIK MISIR
15,Akören,ÇATÖREN,YOK
16,Akören,DUTLU,YOK
17,Akören,ORHANİYE,"KİNOA, ASPİR, ÇÖREKOTU"
18,Akören,SÜLEYMANİYE,"SUSAM, ASPİR"
19,Akören,TÜLCE,YOK
20,Akören,KARAHÜYÜK,ASPİR
21,Akşehir,ÇAKILLAR,YOK
22,Akşehir,GEDİL,ASPİR
23,Akşehir,KARAHÜYÜK,YOK
24,Akşehir,ADSIZ,ÇİLEK
25,Akşehir,ALANYURT,YOK
26,Akşehir,ALTUNTAŞ,YOK
27,Akşehir,ATAKENT,ÇİLEK
28,Akşehir,BOZLAĞAN,"MISIR, ASPİR"
29,Akşehir,CANKURTARAN,YOK
30,Akşehir,ÇAMLI,YOK
31,Akşehir,ÇİMENDERE,YOK
32,Akşehir,DEĞİRMENKÖY,CEVİZ
33,Akşehir,DOĞRUGÖZ,"SARIMSAK, ASPİR"
34,Akşehir,ENGİLİ,YOK
35,Akşehir,GÖLÇAYIR,YOK
36,Akşehir,GÖZPINARI,YOK
37,Akşehir,ILICAK,YOK
38,Akşehir,KARABULUT,YOK
39,Akşehir,ORTACA,YOK
40,Akşehir,ORTAKÖY,YOK
41,Akşehir,REİS,ASPİR
42,Akşehir,SAVAŞ,YOK
43,Akşehir,SORKUN,"ÇİLEK, AHUDUDU"
44,Akşehir,SÖĞÜTLÜ,YOK
45,Akşehir,TEKKE,YOK
46,Akşehir,TİPİKÖY,YOK
47,Akşehir,ULUPINAR,YOK
48,Akşehir,ÜÇHÜYÜK,YOK
49,Akşehir,YAŞARLAR,ASPİR
50,Akşehir,YAYLABELEN,YOK
51,Akşehir,YAZLA,"NOHUT, ASPİR, ÇÖREKOTU"
52,Akşehir,YENİKÖY,YOK
53,Akşehir,YEŞİLKÖY,YOK
54,Akşehir,SARAY,YOK
55,Altınekin,OĞUZELİ,YOK
56,Altınekin,AKCAŞAR,YOK
57,Altınekin,AYIŞIĞI,YOK
58,Altınekin,AKKÖY,YOK
59,Altınekin,BORUKKUYU,"PATATES, ÇEREZLİK KABAK, GÜL"
60,Altınekin,HACINUMAN,ASPİR
61,Altınekin,KARAKAYA,YOK
62,Altınekin,KOÇAŞ,KİMYON
63,Altınekin,KOÇYAKA,YOK
64,Altınekin,MANTAR,YOK
65,Altınekin,YENİÖLMEZ,"SİLAJLIK MISIR, FASULYE"
66,Altınekin,SARNIÇ,"KANOLA, ASPİR"
67,Altınekin,TOPRAKLIK,YOK
68,Altınekin,YENİKUYU,KANOLA
69,Altınekin,YENİYAYLA,YOK
70,Altınekin,DEDELER,"SİLAJLIK MISIR, KİNOA, ÇÖREKOTU"
71,Altınekin,AKINCILAR,YOK
72,Beyşehir,ADAKÖY,ÇİLEK
73,Beyşehir,AĞILÖNÜ,YOK
74,Beyşehir,AKBURUN,YOK
75,Beyşehir,AKÇABELEN,ŞEKER PANCARI
76,Beyşehir,AVDANCIK,PATATES
77,Beyşehir,BADEMLİ,YOK
78,Beyşehir,BAYAT,YOK
79,Beyşehir,BAYAVŞAR,YOK
80,Beyşehir,BAYINDIR,YOK
81,Beyşehir,BAŞGÖZE,YOK
82,Beyşehir,BEKDEMİR,YOK
83,Beyşehir,DAMLAPINAR,"KANOLA, LAVANTA"
84,Beyşehir,DOĞANBEY,"SİLAJLIK MISIR, FİĞ, KORUNGA"
85,Beyşehir,DOĞANCIK,YOK
86,Beyşehir,DUMANLI,YOK
87,Beyşehir,EMEN,"AYÇİÇEĞİ, ASPİR, HAŞHAŞ"
88,Beyşehir,ESENCE,YOK
89,Beyşehir,EYLİKLER,YOK
90,Beyşehir,EĞİRLER,"KANOLA, ASPİR"
91,Beyşehir,FASILLAR,"ASPİR, ÇÖREKOTU"
92,Beyşehir,GÖKÇEKUYU,BEZELYE
93,Beyşehir,GÖKÇİMEN,YOK
94,Beyşehir,GÖLKAŞI,YOK
95,Beyşehir,GÖLYAKA,YOK
96,Beyşehir,GÖNEN,YOK
97,Beyşehir,GÖÇÜ,YOK
98,Beyşehir,GÜNDOĞDU,ASPİR
99,Beyşehir,HUĞLU,"ÜZÜM, CEVİZ"
100,Beyşehir,HÜSEYİNLER,"ŞEFTALİ, KİRAZ"
101,Beyşehir,İSAKÖY,"MERCİMEK, ASPİR"
102,Beyşehir,KARAALİ,YOK
103,Beyşehir,KARABAYAT,PATATES
104,Beyşehir,KARADİKEN,YOK
105,Beyşehir,KARAHİSAR,ASPİR
106,Beyşehir,KAYABAŞI,YOK
107,Beyşehir,KURUCUOVA,YOK
108,Beyşehir,KUŞLUCA,YOK
109,Beyşehir,KÜÇÜKAVŞAR,YOK
110,Beyşehir,MESUTLAR,ÇİLEK
111,Beyşehir,SADIKHACI,YOK
112,Beyşehir,SARIKÖY,"KANOLA, ASPİR, HAŞHAŞ"
113,Beyşehir,SEVİNDİK,YOK
114,Beyşehir,ŞAMLAR,"BEZELYE, ASPİR"
115,Beyşehir,ÜÇPINAR,YOK
116,Beyşehir,ÜSTÜNLER,"BEZELYE, KİNOA, AYÇİÇEĞİ"
117,Beyşehir,ÜZÜMLÜ,YOK
118,Beyşehir,YAZYURDU,YOK
119,Beyşehir,YENİDOĞAN,YOK
120,Beyşehir,YEŞİLDAĞ,YOK
121,Beyşehir,YUKARIESENCE,YOK
122,Beyşehir,YUNUSLAR,"CEVİZ, ÇİLEK"
123,Beyşehir,ÇİFTLİK,ASPİR
124,Beyşehir,ÇİVRİL,"SARIMSAK, AHUDUDU, BÖĞÜRTLEN, KORUNGA"
125,Beyşehir,ÇUKURAĞIL,YOK
126,Bozkır,ÇAĞLAYAN,YOK
127,Bozkır,HAMZALAR,YOK
128,Bozkır,AKÇAPINAR,ÇİLEK
129,Bozkır,ARMUTLU,YOK
130,Bozkır,ARSLANTAŞ,YOK
131,Bozkır,AYDINKIŞLA,YOK
132,Bozkır,AYVALCA,ÇİLEK
133,Bozkır,BAĞYURDU,YOK
134,Bozkır,BAYBAĞAN,YOK
135,Bozkır,BOZDAM,YOK
136,Bozkır,DEREİÇİ,"CEVİZ, BADEM"
137,Bozkır,DEREKÖY,YOK
138,Bozkır,ELMAAĞAÇ,YOK
139,Bozkır,HACILAR,YOK
140,Bozkır,HACIYUNUSLAR,YOK
141,Bozkır,HARMANPINAR,YOK
142,Bozkır,HİSARLIK,"GOJİ BERRY, ÇİLEK"
143,Bozkır,IŞIKLAR,YOK
144,Bozkır,KARABAYIR,YOK
145,Bozkır,KARACAARDIÇ,YOK
146,Bozkır,KARACAHİSAR,YOK
147,Bozkır,KARAYAHYA,YOK
148,Bozkır,KAYACILAR,YOK
149,Bozkır,KAYAPINAR,KİRAZ
150,Bozkır,KINIK,YOK
151,Bozkır,KIZILÇAKIR,YOK
152,Bozkır,KİLDERE,"LAVANTA, GÜL"
153,Bozkır,KOVANLIK,YOK
154,Bozkır,KOZAĞAÇ,YOK
155,Bozkır,KUŞÇA,YOK
156,Bozkır,KÜÇÜKHİSARLIK,YOK
157,Bozkır,PINARCIK,YOK
158,Bozkır,SARIOĞLAN,ÇİLEK
159,Bozkır,SAZLI,"ÇİLEK, AHUDUDU"
160,Bozkır,SOĞUCAK,YOK
161,Bozkır,SORKUN,ÇİLEK
162,Bozkır,SÖĞÜT,YOK
163,Bozkır,TARLABAŞI,YOK
164,Bozkır,TAŞBAŞI,YOK
165,Bozkır,TEPEARASI,YOK
166,Bozkır,TEPELİCE,YOK
167,Bozkır,ULUPINAR,YOK
168,Bozkır,ÜÇPINAR,YOK
169,Bozkır,YALNIZCA,YOK
170,Bozkır,YAZDAMI,YOK
171,Bozkır,YELBEYİ,YOK
172,Bozkır,YENİKÖY,YOK
173,Bozkır,YOLÖREN,YOK
174,Çeltik,GÖKPINAR,ÇÖREKOTU
175,Çeltik,ADAKASIM,REZENE
176,Çeltik,DOĞANYURT,ASPİR
177,Çeltik,KAŞÖREN,"REZENE, KANOLA"
178,Çeltik,KÜÇÜKHASAN,"REZENE, ASPİR"
179,Çeltik,TORUNLAR,KANOLA
180,Çeltik,İSHAKUŞAĞI,REZENE
181,Çeltik,HONAMLI,YOK
182,Cihanbeyli,BÖĞRÜDELİK,"NOHUT, KİMYON, ASPİR"
183,Cihanbeyli,YAPALI,YOK
184,Cihanbeyli,YENİCEOBA,"NOHUT, FASULYE"
185,Cihanbeyli,CUMHURİYET,YOK
186,Cihanbeyli,GEMECİK,ÇİLEK
187,Cihanbeyli,GÖKTEPE,ASPİR
188,Cihanbeyli,AĞABEYLİ,YOK
189,Cihanbeyli,HODOĞLU,YOK
190,Cihanbeyli,KAYI,"FİĞ, ASPİR"
191,Cihanbeyli,KIRKIŞLA,YOK
192,Cihanbeyli,KORKMAZLAR,"KİMYON, ASPİR"
193,Cihanbeyli,KÜÇÜKBEŞKAVAK,YOK
194,Cihanbeyli,MUTLUKONAK,YOK
195,Cihanbeyli,SAĞLIK,"NOHUT, MERCİMEK"
196,Cihanbeyli,SIĞIRCIK,AYÇİÇEĞİ
197,Cihanbeyli,TURANLAR,YOK
198,Cihanbeyli,TÜFEKÇİPINAR,"KANOLA, ASPİR"
199,Cihanbeyli,UZUNCAYAYLA,ASPİR
200,Cihanbeyli,YÜNLÜKUYU,ASPİR
201,Cihanbeyli,ZAFERİYE,ASPİR
202,Cihanbeyli,GÖLYAZI,ASPİR
203,Cihanbeyli,GÜNYÜZÜ,YOK
204,Cihanbeyli,İNSUYU,YOK
205,Cihanbeyli,KANDİL,YOK
206,Cihanbeyli,KARABAĞ,YOK
207,Cihanbeyli,KELHASAN,"ANASON, ASPİR"
208,Cihanbeyli,KUŞCA,ASPİR
209,Cihanbeyli,KÜTÜKUŞAĞI,"KANOLA, ASPİR"
210,Cihanbeyli,TAŞPINAR,YOK
211,Cihanbeyli,BEYLİOVA,"KANOLA, ASPİR"
212,Cihanbeyli,ÇİMEN,YOK
213,Cihanbeyli,ÇÖL,YOK
214,Cihanbeyli,DAMLAKUYU,ASPİR
215,Cihanbeyli,BULDUK,"KANOLA, ASPİR"
216,Cihanbeyli,BÜYÜKBEŞKAVAK,YOK
217,Cihanbeyli,KARATEPE,MERCİMEK
218,Çumra,ARIKÖREN,YOK
219,Çumra,DEDEMOĞLU,YOK
220,Çumra,TÜRKMENCAMİLİ,YOK
221,Çumra,A.B.HÜYÜĞÜ,"ÇİLEK, KANOLA"
222,Çumra,DİNEK,YOK
223,Çumra,İÇERİÇUMRA,YOK
224,Çumra,GÜVERCİNLİK,"FİĞ, AYÇİÇEĞİ"
225,Çumra,KARKIN,KANOLA
226,Çumra,OKÇU,AYÇİÇEĞİ
227,Çumra,YENİSU,YOK
228,Çumra,APA,YOK
229,Çumra,ABDİTOLU,FİĞ
230,Çumra,ADAKALE,YOK
231,Çumra,ALEMDAR,"KANOLA, ASPİR"
232,Çumra,APASARAYCIK,YOK
233,Çumra,AFŞAR,YOK
234,Çumra,AVDUL,YOK
235,Çumra,BALÇIKHİSAR,KANOLA
236,Çumra,BEYLERCE,FİĞ
237,Çumra,B.AŞLAMA,KANOLA
238,Çumra,CİCEK,YOK
239,Çumra,ÇUKURKAVAK,YOK
240,Çumra,DİNLENDİK,YOK
241,Çumra,DİNEKSARAY,YOK
242,Çumra,DOĞANLI,YOK
243,Çumra,FETHİYE,YOK
244,Çumra,GÖKHÜYÜK,YOK
245,Çumra,ERENTEPE,YOK
246,Çumra,İNLİ,YOK
247,Çumra,KUZUCU,ASPİR
248,Çumra,KÜÇÜKKÖY,KANOLA
249,Çumra,SEÇME,YOK
250,Çumra,SÜRGÜÇ,YOK
251,Çumra,TAHTALI,YOK
252,Çumra,T.KARAHÜYÜK,"FİĞ, KANOLA"
253,Çumra,TAŞAĞIL,YOK
254,Çumra,UZUNKUYU,KİMYON
255,Çumra,ÜÇHÜYÜK,YOK
256,Çumra,ÜRÜNLÜ,YOK
257,Çumra,YÖRÜKCAMİLİ,YOK
258,Çumra,ÇAYBAŞI,YOK
259,Derbent,ÇİFTLİKÖZÜ,YOK
260,Derbent,DEĞİŞ,YOK
261,Derbent,TEKKE,YOK
262,Derbent,GÜNEYKÖY,YOK
263,Derbent,MÜLAYİM,FASULYE
264,Derbent,SARAYPINAR,YOK
265,Derbent,YASSIÖREN,YOK
266,Derbent,SÜLEYMAN,"FİĞ, ÇİLEK"
267,Derbent,KARALAR,"ÇİLEK, BÖĞÜRTLEN"
268,Derebucak,ÇAMLIK,YOK
269,Derebucak,DURAK,YOK
270,Derebucak,GENCEK,KİNOA
271,Derebucak,GÖYNEM,ASPİR
272,Derebucak,PINARBAŞI,YOK
273,Derebucak,TAŞLIPINAR,YOK
274,Derebucak,TEPEARASI,ASPİR
275,Derebucak,UĞURLU,YOK
276,Doğanhisar,BAŞKÖY,"SİLAJLIK MISIR, ASPİR"
277,Doğanhisar,YAZLICA,"ÜZÜM, ÇİLEK"
278,Doğanhisar,AYASLAR,"CEVİZ, ŞEFTALİ"
279,Doğanhisar,ÇINAROBA,"AYÇİÇEĞİ, ASPİR"
280,Doğanhisar,DEŞTİĞİN,BÖĞÜRTLEN
281,Doğanhisar,FIRINLI,KANOLA
282,Doğanhisar,GÜVENDİK,YOK
283,Doğanhisar,İLYASLAR,YOK
284,Doğanhisar,KARAAĞA,"CEVİZ, ÇİLEK"
285,Doğanhisar,KEMER,YOK
286,Doğanhisar,KOÇAŞ,YOK
287,Doğanhisar,KONAKKALE,YOK
288,Doğanhisar,TEKKE,YOK
289,Doğanhisar,UNCULAR,YOK
290,Doğanhisar,YAZIR,"KANOLA, HAŞHAŞ"
291,Doğanhisar,YENİCE,"ÇİLEK, ASPİR"
292,Emirgazi,EKİZLİ,KÜLTÜR MANTARI
293,Emirgazi,AKMESCİT,"NOHUT, MERCİMEK"
294,Emirgazi,BESCİ,TRİTİKALE
295,Emirgazi,DEMİRCİ,YOK
296,Emirgazi,GÖLÖREN,YOK
297,Emirgazi,IŞIKLAR,YOK
298,Emirgazi,KARAÖREN,YOK
299,Emirgazi,MEŞELİ,YOK
300,Emirgazi,ÖBEKTAŞ,YOK
301,Emirgazi,YAMAÇ,YOK
302,Ereğli,ZENGEN,YOK
303,Ereğli,ACIPINAR,YOK
304,Ereğli,ADABAĞ,YOK
305,Ereğli,AKHÜYÜK,YOK
306,Ereğli,ALHAN,YOK
307,Ereğli,AŞAĞI GÖNDELEN,YOK
308,Ereğli,AŞIKLAR,YOK
309,Ereğli,AZİZİYE,YOK
310,Ereğli,BAHÇELİ,YOK
311,Ereğli,BELCEAĞAÇ,YOK
312,Ereğli,BELKAYA,"NOHUT, FİĞ"
313,Ereğli,BEYKÖY,YOK
314,Ereğli,BEYÖREN,YOK
315,Ereğli,BULGURLUK,YOK
316,Ereğli,BURHANİYE,YOK
317,Ereğli,BÜYÜKDEDE,YOK
318,Ereğli,ÇAKMAK,YOK
319,Ereğli,ÇAYHAN,YOK
320,Ereğli,ÇİLLER,YOK
321,Ereğli,ÇİMENCİK,YOK
322,Ereğli,GAYBİ,KİNOA
323,Ereğli,GÖKÇEYAZI,YOK
324,Ereğli,GÖKTÖME,AYÇİÇEĞİ
325,Ereğli,HACIMEMİŞ,YOK
326,Ereğli,KAMIŞLIKUYU,YOK
327,Ereğli,KARABURUN,YOK
328,Ereğli,KARGACI,YOK
329,Ereğli,KIZILGEDİK,YOK
330,Ereğli,KUSKUNCUK,YOK
331,Ereğli,KUTÖREN,YOK
332,Ereğli,KUZUKUYU,PATATES
333,Ereğli,MELİCEK,"SİLAJLIK MISIR, FİĞ"
334,Ereğli,ORHANİYE,YOK
335,Ereğli,ÖZGÜRLER,YOK
336,Ereğli,PINARÖZÜ,AYÇİÇEĞİ
337,Ereğli,SARICA,YOK
338,Ereğli,SARITOPALLI,YOK
339,Ereğli,SELVİLİ,YOK
340,Ereğli,TAŞAĞIL,YOK
341,Ereğli,TAŞBUDAK,YOK
342,Ereğli,TATLIKUYU,"FİĞ, AYÇİÇEĞİ"
343,Ereğli,TÜRKMEN,YOK
344,Ereğli,ULUMEŞE,ALTIN ÇİLEK
345,Ereğli,YAZLIK,SİLAJLIK MISIR
346,Ereğli,YELLİCE,YOK
347,Ereğli,YENİKÖY,YOK
348,Ereğli,YILDIZLI,JAPON ARMUDU
349,Ereğli,YUKARIGÖNDELEN,ÇÖREKOTU
350,Ereğli,HORTU,YOK
351,Ereğli,ACIKUYU,"NOHUT, FASULYE, AYÇİÇEĞİ"
352,Güneysınır,GÜRAĞAÇ,YOK
353,Güneysınır,AĞAÇOBA,YOK
354,Güneysınır,ALANÖZÜ,YOK
355,Güneysınır,AVCITEPE,YOK
356,Güneysınır,AYDOĞMUŞ,YOK
357,Güneysınır,HABİLLER,"GOJİ BERRY, ÇİLEK"
358,Güneysınır,KARAGÜNEY,YOK
359,Güneysınır,KAYAAĞZI,YOK
360,Güneysınır,KIZILÖZ,YOK
361,Güneysınır,KURUKAVAK,YOK
362,Güneysınır,MEHMET ALİ,"FASULYE, ÇÖREKOTU"
363,Güneysınır,ÖMEROĞLU,YOK
364,Güneysınır,ÖRENBOYALI,YOK
365,Güneysınır,SARIHACI,ÇİLEK
366,Hadim,AŞAĞIEŞENLER,YOK
367,Hadim,AŞAĞIKIZILKAYA,SAFRAN
368,Hadim,BADEMLİ,CEVİZ
369,Hadim,BAĞBAŞI,YOK
370,Hadim,BEYRELİ,ÇİLEK
371,Hadim,BOLAT,ÇİLEK
372,Hadim,ÇİFTEPINAR,YOK
373,Hadim,DEDEMLİ,YOK
374,Hadim,DÜLGERLER,"SARIMSAK, AYÇİÇEĞİ, ÇÖREKOTU"
375,Hadim,FAKILAR,YOK
376,Hadim,GAZİLER,YOK
377,Hadim,GÖYNÜKKIŞLA,YOK
378,Hadim,GÜLPINAR,YOK
379,Hadim,İĞDEÖREN,YOK
380,Hadim,KALINAĞIL,YOK
381,Hadim,KAPLANLI,YOK
382,Hadim,GEZLEVİ,YOK
383,Hadim,KÜPLÜCE,YOK
384,Hadim,ODUNCU,YOK
385,Hadim,SARNIÇ,YOK
386,Hadim,SELAHATTİN,YOK
387,Hadim,UMURLAR,CEVİZ
388,Hadim,YAĞCI,GOJİ BERRY
389,Hadim,YALINÇEVRE,GOJİ BERRY
390,Hadim,YELMEZ,YOK
391,Hadim,YENİKONAK,CEVİZ
392,Hadim,YUKARIEŞENLER,YOK
393,Halkapınar,İVRİZ,YOK
394,Halkapınar,BÜYÜKDOĞAN,YOK
395,Halkapınar,DEDELİ,YOK
396,Halkapınar,DELİMAHMUTLU,YOK
397,Halkapınar,ESKİHİSAR,YOK
398,Halkapınar,KARAYUSUFLU,YOK
399,Halkapınar,KAYASARAY,YOK
400,Halkapınar,KÖRLÜ,YOK
401,Halkapınar,KÜSERE,YOK
402,Halkapınar,OSMANKÖSELİ,ÇİLEK
403,Halkapınar,SEYDİFAKILI,YOK
404,Halkapınar,YASSIKAYA,KİRAZ
405,Halkapınar,YAYIKLI,"MISIR, ÇİLEK"
406,Halkapınar,YEŞİLYURT,TRİTİKALE
407,Halkapınar,ÇAKILLAR,YOK
408,Hüyük,BAŞLAMIŞ,YOK
409,Hüyük,BUDAK,"FASULYE, AHUDUDU, BÖĞÜRTLEN"
410,Hüyük,BURUNSUZ,CEVİZ
411,Hüyük,ÇAMLICA,YOK
412,Hüyük,ÇAVUŞ,ÜZÜM
413,Hüyük,ÇUKURKENT,ÇİLEK
414,Hüyük,DEĞİRMENALTI,AHUDUDU
415,Hüyük,GÖÇERİ,YOK
416,Hüyük,GÖRÜNMEZ,ASPİR
417,Hüyük,İLMEN,AHUDUDU
418,Hüyük,İMRENLER,"MERCİMEK, ÇİLEK, KANOLA, AHUDUDU, ASPİR"
419,Hüyük,KIRELİ,"LAVANTA, LALE"
420,Hüyük,KÖŞK,"CEVİZ, KANOLA"
421,Hüyük,MUTLU,CEVİZ
422,Hüyük,PINARBAŞI,YOK
423,Hüyük,SELKİ,"SİLAJLIK MISIR, ÇİLEK, YONCA"
424,Hüyük,SULUDERE,YOK
425,Hüyük,TOLCA,YOK
426,Hüyük,YENİCE,"AHUDUDU, BÖĞÜRTLEN"
427,Ilgın,ARGITHANI,ÇÖREKOTU
428,Ilgın,BEYKONAK,YOK
429,Ilgın,ÇAVUŞÇUGÖL,"PATATES, ASPİR, ÇÖREKOTU, ÇEREZLİK KABAK"
430,Ilgın,AĞALAR,"SİLAJLIK MISIR, FİĞ"
431,Ilgın,BALKI,YOK
432,Ilgın,BARAKMUSLU,YOK
433,Ilgın,BELEKLER,YOK
434,Ilgın,BOĞAZKENT,"KİMYON, ASPİR"
435,Ilgın,BULCUK,"CEVİZ, VİŞNE"
436,Ilgın,BÜYÜKOBA,ŞEKER PANCARI
437,Ilgın,ÇİĞİL,BÖĞÜRTLEN
438,Ilgın,ÇATAK,YOK
439,Ilgın,ÇOBANKAYA,KİMYON
440,Ilgın,ÇÖMLEKCİ,"KİMYON, ASPİR"
441,Ilgın,DEREKÖY,YOK
442,Ilgın,DIĞRAK,YOK
443,Ilgın,DÜĞER,YOK
444,Ilgın,ELDEŞ,YOK
445,Ilgın,GEÇİT,"AYÇİÇEĞİ, ASPİR"
446,Ilgın,GEDİKÖREN,YOK
447,Ilgın,GÖSTERE,YOK
448,Ilgın,GÖKÇEYURT,ÇİLEK
449,Ilgın,GÖLYAKA,TRİTİKALE
450,Ilgın,GÖKBUDAK,ÇİLEK
451,Ilgın,GÜNEYPINAR,YOK
452,Ilgın,HARMANYAZI,"MERCİMEK, ASPİR"
453,Ilgın,İHSANİYE,NOHUT
454,Ilgın,KAPAKLI,YOK
455,Ilgın,KARAKÖY,ÇÖREKOTU
456,Ilgın,KALEKÖY,YOK
457,Ilgın,MAHMUTHİSAR,AYÇİÇEĞİ
458,Ilgın,MECİDİYE,"FİĞ, ASPİR, ÇÖREKOTU"
459,Ilgın,MİSAFİRLİ,YOK
460,Ilgın,OLUKPINAR,YOK
461,Ilgın,ORHANİYE,"FİĞ, ÇÖREKOTU"
462,Ilgın,ORMANÖZÜ,YOK
463,Ilgın,SADIKKÖY,YOK
464,Ilgın,SEBİLLER,YOK
465,Ilgın,TEKELER,BADEM
466,Ilgın,YUKARIÇİĞİL,"PATATES, FASULYE"
467,Ilgın,YORAZLAR,YOK
468,Ilgın,ZAFERİYE,YOK
469,Ilgın,AVDAN,"KİRAZ, AHUDUDU, ASPİR, BÖĞÜRTLEN"
470,Kadınhanı,OSMANCIK,YOK
471,Kadınhanı,AFŞARLI,YOK
472,Kadınhanı,ALABAĞ,YOK
473,Kadınhanı,ATLANTI,YOK
474,Kadınhanı,BAKIRPINAR,YOK
475,Kadınhanı,BAŞKUYU,YOK
476,Kadınhanı,BAYRAMLI,SİLAJLIK MISIR
477,Kadınhanı,BEYKAVAĞI,YOK
478,Kadınhanı,BULGURPINAR,YOK
479,Kadınhanı,ÇAVDAR,YOK
480,Kadınhanı,ÇEŞMECİK,YOK
481,Kadınhanı,ÇUBUK,YOK
482,Kadınhanı,DEMİROLUK,YOK
483,Kadınhanı,HACIMEHMETLİ,YOK
484,Kadınhanı,HACIOFLAZLAR,YOK
485,Kadınhanı,HACIPİRLİ,YOK
486,Kadınhanı,KABACALI,YOK
487,Kadınhanı,KAMIŞLIÖZÜ,YOK
488,Kadınhanı,KARAHİSARLI,YOK
489,Kadınhanı,KARAKURTLU,YOK
490,Kadınhanı,KARASEVİNÇ,YOK
491,Kadınhanı,KARAYÜRÜKLÜ,YOK
492,Kadınhanı,KIZILKUYU,YOK
493,Kadınhanı,KOLUKISA,YOK
494,Kadınhanı,KONURÖREN,"KİMYON, ASPİR"
495,Kadınhanı,KÖKEZ,YOK
496,Kadınhanı,KÖYLÜTOLU,YOK
497,Kadınhanı,KURTHASANLI,YOK
498,Kadınhanı,KÜÇÜKKUYU,YOK
499,Kadınhanı,MAHMUDİYE,"ANASON, ÇÖREKOTU"
500,Kadınhanı,MEYDANLI,YOK
501,Kadınhanı,ÖRNEK,YOK
502,Kadınhanı,PİRALİ,YOK
503,Kadınhanı,PUSAT,YOK
504,Kadınhanı,SAÇIKARA,YOK
505,Kadınhanı,SARIKAYA,YOK
506,Kadınhanı,SÖĞÜTÖZÜ,YOK
507,Kadınhanı,ŞAHÖREN,YOK
508,Kadınhanı,TOSUNOĞLU,YOK
509,Kadınhanı,YAĞLICA,YOK
510,Kadınhanı,YAYLAYAKA,YOK
511,Karapınar,HOTAMIŞ,YOK
512,Karapınar,KESMEZ,YOK
513,Karapınar,AKÇAYAZI,YOK
514,Karapınar,AKÖREN,YOK
515,Karapınar,ÇİĞİL,KANOLA
516,Karapınar,HASANOBA,YOK
517,Karapınar,İSLİK,YOK
518,Karapınar,KARAKIŞLA,PATATES
519,Karapınar,KAYACIK,YOK
520,Karapınar,KAYALI,YOK
521,Karapınar,KAZANHÜYÜĞÜ,AYÇİÇEĞİ
522,Karapınar,KÜÇÜKAŞLAMA,YOK
523,Karapınar,ORTAOBA,YOK
524,Karapınar,OYMALI,YOK
525,Karapınar,SAZLIPINAR,SARIMSAK
526,Karapınar,YAĞMAPINAR,YOK
527,Karapınar,YENİKUYU,YOK
528,Karapınar,YEŞİLYURT,YOK
529,Karatay,YARMA,"PATATES, KANOLA"
530,Karatay,ACIDORT,YOK
531,Karatay,AĞSAKLI,SİLAJLIK MISIR
532,Karatay,AKBAŞ,KANOLA
533,Karatay,AKÖRENKIŞLA,ASPİR
534,Karatay,BAKIRTOLU,YOK
535,Karatay,BAŞGÖTÜREN,YOK
536,Karatay,BEŞAĞIL,FASULYE
537,Karatay,BÜYÜKBURNAK,SİLAJLIK MISIR
538,Karatay,ÇENGİLTİ,KİNOA
539,Karatay,DİVANLAR,YOK
540,Karatay,ESENTEPE,SİLAJLIK MISIR
541,Karatay,GÖÇÜ,YOK
542,Karatay,HAYIROĞLU MERKEZ,KANOLA
543,Karatay,İPEKLER,YOK
544,Karatay,İSMİL,YOK
545,Karatay,KARADONA,YOK
546,Karatay,KARAKAYA,YOK
547,Karatay,KATRANCI,"YEM BEZELYESİ, KANOLA, YONCA"
548,Karatay,KIZÖREN,KANOLA
549,Karatay,KÖSEALİ,SARIMSAK
550,Karatay,OBRUK,FASULYE
551,Karatay,OVAKAVAĞI,YOK
552,Karatay,SAKYATAN,YOK
553,Karatay,SÜRÜÇ,"ASPİR, ÇÖREKOTU"
554,Karatay,ŞATIR,YOK
555,Karatay,YAĞLIBAYAT,YOK
556,Karatay,YAVŞANKUYU,YOK
557,Karatay,YENİCE,YOK
558,Karatay,YENİKENT,"BEZELYE, ASPİR"
559,Karatay,ZİNCİRLİ,YOK
560,Kulu,ACIKUYU,"KİMYON, ASPİR"
561,Kulu,AĞILBAŞI,YOK
562,Kulu,ALTILAR,ASPİR
563,Kulu,ARŞINCA,"KANOLA, ASPİR"
564,Kulu,BEŞKARDEŞ,YOK
565,Kulu,BOĞAZÖREN,YOK
566,Kulu,BOZAN,MERCİMEK
567,Kulu,BURUNAĞIL,YOK
568,Kulu,CANIMANA,NOHUT
569,Kulu,CELEP,YOK
570,Kulu,DİPDEDE,YOK
571,Kulu,DOĞUTEPE,YOK
572,Kulu,FEVZİYE,ASPİR
573,Kulu,GÖKLER,YOK
574,Kulu,GÜZELYAYLA,YOK
575,Kulu,HİSAR,YOK
576,Kulu,KARACADAĞ,"FİĞ, ASPİR, ÇÖREKOTU"
577,Kulu,KARACADERE,FİĞ
578,Kulu,KIRKKUYU,KİNOA
579,Kulu,KIRKPINAR,YOK
580,Kulu,KOZANLI,"FİĞ, MISIR"
581,Kulu,KÖMÜŞİNİ,ASPİR
582,Kulu,KÖŞKER,YOK
583,Kulu,SARIYAYLA,YOK
584,Kulu,SEYİTAHMETLİ,YOK
585,Kulu,SOĞUKKUYU,YOK
586,Kulu,ŞEREFLİ,YOK
587,Kulu,TAVLIÖREN,YOK
588,Kulu,ÖMERANLI,YOK
589,Kulu,TUZYAKA,"ÇİLEK, ASPİR"
590,Kulu,YARAŞLI,YOK
591,Kulu,YAZIÇAYIR,ASPİR
592,Kulu,YEŞİLTEPE,YOK
593,Kulu,YEŞİLYURT,YOK
594,Kulu,ZİNCİRLİKUYU,"NOHUT, FİĞ, ÇÖREKOTU"
595,Kulu,BAHADIRLI,"MISIR, AYÇİÇEĞİ, ÇÖREKOTU"
596,Kulu,DEĞİRMENÖZÜ,ÇÖREKOTU
597,Meram,ERENKAYA,YOK
598,Meram,YATAĞAN,YOK
599,Meram,GÖKYURT,"AHUDUDU, SUSAM, ALTIN ÇİLEK, BÖĞÜRTLEN, ÇÖREKOTU"
600,Meram,BAYAT,YOK
601,Meram,BORUKTOLU,YOK
602,Meram,BOTSA,ÇİLEK
603,Meram,ÇAYIRBAĞI,YOK
604,Meram,ÇOMAKLAR,"KİMYON, BÖĞÜRTLEN, ÇÖREKOTU"
605,Meram,ÇUKURÇİMEN,YOK
606,Meram,EVLİYATEKKE,"AHUDUDU, BÖĞÜRTLEN"
607,Meram,HATUNSARAY,"GOJİ BERRY, BARBUNYA"
608,Meram,İKİPINAR,YOK
609,Meram,İLYASBABA,BÖĞÜRTLEN
610,Meram,İNLİCE,YOK
611,Meram,KARAAĞAÇ,ASPİR
612,Meram,KAVAK,SİLAJLIK MISIR
613,Meram,KAYADİBİ,YOK
614,Meram,KAYALI,YOK
615,Meram,KAYHÜYÜK,YOK
616,Meram,KIZILÖREN,ÇİLEK
617,Meram,KUMRALI,ÇİLEK
618,Meram,SADIKLAR,YOK
619,Meram,SAĞLIK,ÇİLEK
620,Meram,SARIKIZ,YOK
621,Meram,SEFAKÖY,ÇİLEK
622,Meram,YEŞİLDERE,ÇİLEK
623,Meram,YEŞİLTEKKE,YOK
624,Meram,KAŞINHANI,YOK
625,Sarayönü,LADİK,"NOHUT, SİLAJLIK MISIR, FASULYE, ASPİR"
626,Sarayönü,BAHÇESARAY,YOK
627,Sarayönü,BAŞHÜYÜK,ASPİR
628,Sarayönü,BOYALI,"KİNOA, ANASON, ÇÖREKOTU"
629,Sarayönü,BÜYÜKZENGİ,YOK
630,Sarayönü,ÇEŞMELİSEBİL,"AYÇİÇEĞİ, ASPİR, ÇÖREKOTU"
631,Sarayönü,DEĞİRMENLİ,YOK
632,Sarayönü,ERTUĞRUL,YOK
633,Sarayönü,GÖZLÜ,ASPİR
634,Sarayönü,KADIOĞLU,YOK
635,Sarayönü,KARABIYIK,YOK
636,Sarayönü,KARATEPE,ASPİR
637,Sarayönü,KAYIÖREN,YOK
638,Sarayönü,KONAR,YOK
639,Sarayönü,KURŞUNLU,YOK
640,Sarayönü,KUYULUSEBİL,YOK
641,Sarayönü,ÖZKENT,"PATATES, FASULYE, ASPİR"
642,Sarayönü,YENİCEKAYA,YOK
643,Selçuklu,BAŞARAKAVAK,"ŞEKER PANCARI, ÜZÜM"
644,Selçuklu,hasan,
645,Selçuklu,SARAYKÖY,YOK
646,Selçuklu,SULUTAS,ÜZÜM
647,Selçuklu,TATKÖY,YOK
648,Selçuklu,AKPINAR,YOK
649,Selçuklu,BAĞRIKURT,YOK
650,Selçuklu,BİÇER,YOK
651,Selçuklu,ÇALDERE,KİMYON
652,Selçuklu,ÇALTI,YOK
653,Selçuklu,ÇANDIR,YOK
654,Selçuklu,DAĞDERE,FİĞ
655,Selçuklu,EĞRİBAYAT,FİĞ
656,Selçuklu,GÜVENÇ,YOK
657,Selçuklu,KALE,ASPİR
658,Selçuklu,KARAÖMERLER,YOK
659,Selçuklu,KERVAN,YOK
660,Selçuklu,KINIK,YOK
661,Selçuklu,KIZILCAKUYU,YOK
662,Selçuklu,MEYDAN,YOK
663,Selçuklu,SELAHATTİN,YOK
664,Selçuklu,SIZMA,YOK
665,Selçuklu,TEPEKENT,YOK
666,Selçuklu,ULUMUHSİNE,YOK
667,Selçuklu,YAZIBELEN,YOK
668,Selçuklu,SİLLE,YOK
669,Selçuklu,ARDIÇLI,YOK
670,Selçuklu,AŞAĞIPINARBAŞI,ASPİR
671,Selçuklu,YUKARIPINARBAŞI,KANOLA
672,Selçuklu,KÜÇÜKMUHSİNE,YOK
673,Selçuklu,SARICALAR,YOK
674,Selçuklu,TÖMEK,YOK
675,Selçuklu,YÜKSELEN,MERCİMEK
676,Selçuklu,Mehmet Fatih,
677,Seydişehir,KESECİK,YOK
678,Seydişehir,AKÇALAR,YOK
679,Seydişehir,AŞAĞIKARAÖREN,YOK
680,Seydişehir,BAŞKARAÖREN,YOK
681,Seydişehir,BOSTANDERE,"ÇEREZLİK KABAK, SALEP"
682,Seydişehir,BOYALI,"ŞEKER PANCARI, HAŞHAŞ, ÇEREZLİK KABAK"
683,Seydişehir,BÜKÇE,YOK
684,Seydişehir,ÇAT,ÇİLEK
685,Seydişehir,ÇATMAKAYA,ÇİLEK
686,Seydişehir,ÇAVUŞ,ÇİLEK
687,Seydişehir,DİKİLİTAŞ,BÖĞÜRTLEN
688,Seydişehir,GEVREKLİ,SUSAM
689,Seydişehir,GÖKÇEHÜYÜK,"ÇİLEK, AHUDUDU"
690,Seydişehir,GÖKHÜYÜK,MISIR
691,Seydişehir,GÖLYÜZÜ,YOK
692,Seydişehir,IRMAKLI,PATATES
693,Seydişehir,İNCESU,YOK
694,Seydişehir,KARABULAK,YOK
695,Seydişehir,KARACAÖREN,YOK
696,Seydişehir,KAVAK,YOK
697,Seydişehir,KETENLİ,YOK
698,Seydişehir,KIZILCA,"CEVİZ, KİRAZ, ÇİLEK"
699,Seydişehir,KOZLU,YOK
700,Seydişehir,KUMLUCA,YOK
701,Seydişehir,KURAN,YOK
702,Seydişehir,MADENLİ,YOK
703,Seydişehir,MESUDİYE,BÖĞÜRTLEN
704,Seydişehir,MURADİYE,"ÜZÜM, ÇİLEK"
705,Seydişehir,OĞLAKÇI,YOK
706,Seydişehir,ORTAKARAÖREN,YOK
707,Seydişehir,SARAYCIK,YOK
708,Seydişehir,SUSUZ,YOK
709,Seydişehir,TARAŞÇI,YOK
710,Seydişehir,TAŞAĞIL,YOK
711,Seydişehir,TEPECİK,MISIR
712,Seydişehir,TOL,SUSAM
713,Seydişehir,UFACIK,YOK
714,Seydişehir,YAYLACIK,"GOJİ BERRY, AHUDUDU, BÖĞÜRTLEN"
715,Seydişehir,YENİCE,ÇİLEK
716,Taşkent,AFŞAR,ÇİLEK
717,Taşkent,BALCILAR,YOK
718,Taşkent,BOLAY,ÇİLEK
719,Taşkent,ÇETMİ,ÇİLEK
720,Taşkent,KECİMEN,YOK
721,Taşkent,KONGUL,YOK
722,Taşkent,SAZAK,YOK
723,Taşkent,ILICAPINAR,YOK
724,Tuzlukçu,KONARI,YOK
725,Tuzlukçu,MEVLÜTLÜ,"KİMYON, ASPİR"
726,Tuzlukçu,KORAŞI,YOK
727,Tuzlukçu,ÇÖĞÜRLÜ,YOK
728,Tuzlukçu,TURSUNLU,YOK
729,Tuzlukçu,KUNDULLU,YOK
730,Tuzlukçu,PAZARKAYA,ASPİR
731,Tuzlukçu,SUBATAN,YOK
732,Tuzlukçu,GÜRSU,YOK
733,Tuzlukçu,ERDOĞDU,YOK
734,Tuzlukçu,KÖKLÜCE,SİLAJLIK MISIR
735,Yalıhüyük,SARAY,YOK
736,Yalıhüyük,ARASÖĞÜT,YOK
737,Yunak,KUZÖREN,YOK
738,Yunak,KOÇYAZI,FİĞ
739,Yunak,TURGUT,ÇİLEK
740,Yunak,PİRİBEYLİ,"ANASON, KİMYON, ASPİR"
741,Yunak,SÜLÜKLÜ,YOK
742,Yunak,ALTINÖZ,"REZENE, ÇÖREKOTU"
743,Yunak,AYRITEPE,YOK
744,Yunak,BEŞIŞIKLI,"KİMYON, ÇÖREKOTU"
745,Yunak,CEBRAİL,YOK
746,Yunak,ÇAYIRBAŞI,YOK
747,Yunak,EĞRİKUYU,"ŞEKER PANCARI, AYÇİÇEĞİ"
748,Yunak,HACIÖMEROĞLU,YOK
749,Yunak,HATIRLI,YOK
750,Yunak,HACIFAKILI,YOK
751,Yunak,HARUNLAR,"ANASON, TRİTİKALE"
752,Yunak,HURSUNLU,YOK
753,Yunak,İMAMOĞLU,MISIR
754,Yunak,KARGALI,KANOLA
755,Yunak,KARAYAYLA,YOK
756,Yunak,KILLAR,ANASON
757,Yunak,KURTUŞAĞI,"ANASON, ASPİR"
758,Yunak,KUYUBAŞI,ANASON
759,Yunak,MEŞELİK,YOK
760,Yunak,ODABAŞI,"ANASON, KİMYON, ÇÖREKOTU"
761,Yunak,ORTAKIŞLA,YOK
762,Yunak,ÖZYAYLA,YOK
763,Yunak,SERTLER,YOK
764,Yunak,SEVİNÇ,YOK
765,Yunak,SIRAM,YOK
766,Yunak,SİNANLI,KİRAZ
767,Yunak,YAVAŞLI,YOK
768,Yunak,YEŞİLOBA,YOK
769,Yunak,YEŞİLYAYLA,YOK
770,Yunak,YIĞAR,YOK
771,Yunak,SARAY,"KANOLA, ASPİR"
772,,,
