ilce_adi;mahalle_adi;aricilik
Ahırlı;ALİÇERÇİ;HAYIR
Ahırlı;BADEMLİ;EVET
Ahırlı;BALIKLAVA;EVET
Ahırlı;BÜYÜKÖZ;EVET
Ahırlı;ÇİFTLİK;EVET
Ahırlı;ERDOĞAN;EVET
Ahırlı;KARACAKUYU;EVET
Ahırlı;KAYACIK;EVET
Ahırlı;KURUÇAY;EVET
Ahırlı;KÜÇÜKÖZ;HAYIR
Akören;AVDAN;EVET
Akören;KAYASU;EVET
Akören;AHMEDİYE;EVET
Akören;ALAN;EVET
Akören;BELKUYU;EVET
Akören;ÇATÖREN;EVET
Akören;DUTLU;HAYIR
Akören;ORHANİYE;EVET
Akören;SÜLEYMANİYE;EVET
Akören;TÜLCE;EVET
Akören;KARAHÜYÜK;EVET
Akşehir;ÇAKILLAR;EVET
Akşehir;GEDİL;HAYIR
Akşehir;KARAHÜYÜK;HAYIR
Akşehir;ADSIZ;EVET
Akşehir;ALANYURT;EVET
Akşehir;ALTUNTAŞ;EVET
Akşehir;ATAKENT;HAYIR
Akşehir;BOZLAĞAN;HAYIR
Akşehir;CANKURTARAN;EVET
Akşehir;ÇAMLI;HAYIR
Akşehir;ÇİMENDERE;EVET
Akşehir;DEĞİRMENKÖY;EVET
Akşehir;DOĞRUGÖZ;EVET
Akşehir;ENGİLİ;EVET
Akşehir;GÖLÇAYIR;HAYIR
Akşehir;GÖZPINARI;HAYIR
Akşehir;ILICAK;EVET
Akşehir;KARABULUT;HAYIR
Akşehir;ORTACA;EVET
Akşehir;ORTAKÖY;HAYIR
Akşehir;REİS;HAYIR
Akşehir;SAVAŞ;EVET
Akşehir;SORKUN;HAYIR
Akşehir;SÖĞÜTLÜ;HAYIR
Akşehir;TEKKE;EVET
Akşehir;TİPİKÖY;HAYIR
Akşehir;ULUPINAR;HAYIR
Akşehir;ÜÇHÜYÜK;HAYIR
Akşehir;YAŞARLAR;HAYIR
Akşehir;YAYLABELEN;HAYIR
Akşehir;YAZLA;EVET
Akşehir;YENİKÖY;EVET
Akşehir;YEŞİLKÖY;HAYIR
Akşehir;SARAY;EVET
Altınekin;OĞUZELİ;HAYIR
Altınekin;AKCAŞAR;HAYIR
Altınekin;AYIŞIĞI;HAYIR
Altınekin;AKKÖY;HAYIR
Altınekin;BORUKKUYU;EVET
Altınekin;HACINUMAN;HAYIR
Altınekin;KARAKAYA;EVET
Altınekin;KOÇAŞ;EVET
Altınekin;KOÇYAKA;EVET
Altınekin;MANTAR;HAYIR
Altınekin;YENİÖLMEZ;EVET
Altınekin;SARNIÇ;EVET
Altınekin;TOPRAKLIK;HAYIR
Altınekin;YENİKUYU;EVET
Altınekin;YENİYAYLA;EVET
Altınekin;DEDELER;EVET
Altınekin;AKINCILAR;EVET
Beyşehir;ADAKÖY;EVET
Beyşehir;AĞILÖNÜ;EVET
Beyşehir;AKBURUN;HAYIR
Beyşehir;AKÇABELEN;EVET
Beyşehir;AVDANCIK;EVET
Beyşehir;BADEMLİ;EVET
Beyşehir;BAYAT;HAYIR
Beyşehir;BAYAVŞAR;EVET
Beyşehir;BAYINDIR;HAYIR
Beyşehir;BAŞGÖZE;EVET
Beyşehir;BEKDEMİR;HAYIR
Beyşehir;DAMLAPINAR;EVET
Beyşehir;DOĞANBEY;EVET
Beyşehir;DOĞANCIK;HAYIR
Beyşehir;DUMANLI;EVET
Beyşehir;EMEN;EVET
Beyşehir;ESENCE;HAYIR
Beyşehir;EYLİKLER;HAYIR
Beyşehir;EĞİRLER;EVET
Beyşehir;FASILLAR;EVET
Beyşehir;GÖKÇEKUYU;EVET
Beyşehir;GÖKÇİMEN;EVET
Beyşehir;GÖLKAŞI;EVET
Beyşehir;GÖLYAKA;EVET
Beyşehir;GÖNEN;EVET
Beyşehir;GÖÇÜ;EVET
Beyşehir;GÜNDOĞDU;EVET
Beyşehir;HUĞLU;EVET
Beyşehir;HÜSEYİNLER;EVET
Beyşehir;İSAKÖY;EVET
Beyşehir;KARAALİ;HAYIR
Beyşehir;KARABAYAT;EVET
Beyşehir;KARADİKEN;EVET
Beyşehir;KARAHİSAR;EVET
Beyşehir;KAYABAŞI;EVET
Beyşehir;KURUCUOVA;EVET
Beyşehir;KUŞLUCA;HAYIR
Beyşehir;KÜÇÜKAVŞAR;EVET
Beyşehir;MESUTLAR;HAYIR
Beyşehir;SADIKHACI;EVET
Beyşehir;SARIKÖY;HAYIR
Beyşehir;SEVİNDİK;EVET
Beyşehir;ŞAMLAR;EVET
Beyşehir;ÜÇPINAR;EVET
Beyşehir;ÜSTÜNLER;EVET
Beyşehir;ÜZÜMLÜ;HAYIR
Beyşehir;YAZYURDU;EVET
Beyşehir;YENİDOĞAN;EVET
Beyşehir;YEŞİLDAĞ;EVET
Beyşehir;YUKARIESENCE;HAYIR
Beyşehir;YUNUSLAR;HAYIR
Beyşehir;ÇİFTLİK;EVET
Beyşehir;ÇİVRİL;EVET
Beyşehir;ÇUKURAĞIL;EVET
Bozkır;ÇAĞLAYAN;EVET
Bozkır;HAMZALAR;EVET
Bozkır;AKÇAPINAR;HAYIR
Bozkır;ARMUTLU;EVET
Bozkır;ARSLANTAŞ;EVET
Bozkır;AYDINKIŞLA;EVET
Bozkır;AYVALCA;HAYIR
Bozkır;BAĞYURDU;EVET
Bozkır;BAYBAĞAN;EVET
Bozkır;BOZDAM;HAYIR
Bozkır;DEREİÇİ;EVET
Bozkır;DEREKÖY;EVET
Bozkır;ELMAAĞAÇ;HAYIR
Bozkır;HACILAR;EVET
Bozkır;HACIYUNUSLAR;HAYIR
Bozkır;HARMANPINAR;EVET
Bozkır;HİSARLIK;EVET
Bozkır;IŞIKLAR;HAYIR
Bozkır;KARABAYIR;EVET
Bozkır;KARACAARDIÇ;HAYIR
Bozkır;KARACAHİSAR;EVET
Bozkır;KARAYAHYA;HAYIR
Bozkır;KAYACILAR;HAYIR
Bozkır;KAYAPINAR;HAYIR
Bozkır;KINIK;EVET
Bozkır;KIZILÇAKIR;EVET
Bozkır;KİLDERE;EVET
Bozkır;KOVANLIK;EVET
Bozkır;KOZAĞAÇ;EVET
Bozkır;KUŞÇA;HAYIR
Bozkır;KÜÇÜKHİSARLIK;HAYIR
Bozkır;PINARCIK;EVET
Bozkır;SARIOĞLAN;HAYIR
Bozkır;SAZLI;EVET
Bozkır;SOĞUCAK;HAYIR
Bozkır;SORKUN;EVET
Bozkır;SÖĞÜT;EVET
Bozkır;TARLABAŞI;HAYIR
Bozkır;TAŞBAŞI;EVET
Bozkır;TEPEARASI;EVET
Bozkır;TEPELİCE;EVET
Bozkır;ULUPINAR;EVET
Bozkır;ÜÇPINAR;EVET
Bozkır;YALNIZCA;EVET
Bozkır;YAZDAMI;HAYIR
Bozkır;YELBEYİ;EVET
Bozkır;YENİKÖY;HAYIR
Bozkır;YOLÖREN;EVET
Çeltik;GÖKPINAR;HAYIR
Çeltik;ADAKASIM;HAYIR
Çeltik;DOĞANYURT;HAYIR
Çeltik;KAŞÖREN;HAYIR
Çeltik;KÜÇÜKHASAN;HAYIR
Çeltik;TORUNLAR;EVET
Çeltik;İSHAKUŞAĞI;HAYIR
Çeltik;HONAMLI;EVET
Cihanbeyli;BÖĞRÜDELİK;EVET
Cihanbeyli;YAPALI;HAYIR
Cihanbeyli;YENİCEOBA;HAYIR
Cihanbeyli;CUMHURİYET;HAYIR
Cihanbeyli;GEMECİK;EVET
Cihanbeyli;GÖKTEPE;HAYIR
Cihanbeyli;AĞABEYLİ;HAYIR
Cihanbeyli;HODOĞLU;HAYIR
Cihanbeyli;KAYI;HAYIR
Cihanbeyli;KIRKIŞLA;HAYIR
Cihanbeyli;KORKMAZLAR;HAYIR
Cihanbeyli;KÜÇÜKBEŞKAVAK;HAYIR
Cihanbeyli;MUTLUKONAK;HAYIR
Cihanbeyli;SAĞLIK;HAYIR
Cihanbeyli;SIĞIRCIK;HAYIR
Cihanbeyli;TURANLAR;HAYIR
Cihanbeyli;TÜFEKÇİPINAR;HAYIR
Cihanbeyli;UZUNCAYAYLA;HAYIR
Cihanbeyli;YÜNLÜKUYU;HAYIR
Cihanbeyli;ZAFERİYE;HAYIR
Cihanbeyli;GÖLYAZI;HAYIR
Cihanbeyli;GÜNYÜZÜ;HAYIR
Cihanbeyli;İNSUYU;HAYIR
Cihanbeyli;KANDİL;HAYIR
Cihanbeyli;KARABAĞ;HAYIR
Cihanbeyli;KELHASAN;HAYIR
Cihanbeyli;KUŞCA;HAYIR
Cihanbeyli;KÜTÜKUŞAĞI;HAYIR
Cihanbeyli;TAŞPINAR;HAYIR
Cihanbeyli;BEYLİOVA;HAYIR
Cihanbeyli;ÇİMEN;HAYIR
Cihanbeyli;ÇÖL;HAYIR
Cihanbeyli;DAMLAKUYU;HAYIR
Cihanbeyli;BULDUK;HAYIR
Cihanbeyli;BÜYÜKBEŞKAVAK;HAYIR
Cihanbeyli;KARATEPE;EVET
Çumra;ARIKÖREN;EVET
Çumra;DEDEMOĞLU;EVET
Çumra;TÜRKMENCAMİLİ;HAYIR
Çumra;A.B.HÜYÜĞÜ;EVET
Çumra;DİNEK;EVET
Çumra;İÇERİÇUMRA;HAYIR
Çumra;GÜVERCİNLİK;HAYIR
Çumra;KARKIN;HAYIR
Çumra;OKÇU;EVET
Çumra;YENİSU;EVET
Çumra;APA;EVET
Çumra;ABDİTOLU;HAYIR
Çumra;ADAKALE;HAYIR
Çumra;ALEMDAR;HAYIR
Çumra;APASARAYCIK;HAYIR
Çumra;AFŞAR;EVET
Çumra;AVDUL;EVET
Çumra;BALÇIKHİSAR;EVET
Çumra;BEYLERCE;EVET
Çumra;B.AŞLAMA;EVET
Çumra;CİCEK;HAYIR
Çumra;ÇUKURKAVAK;EVET
Çumra;DİNLENDİK;EVET
Çumra;DİNEKSARAY;EVET
Çumra;DOĞANLI;HAYIR
Çumra;FETHİYE;HAYIR
Çumra;GÖKHÜYÜK;HAYIR
Çumra;ERENTEPE;EVET
Çumra;İNLİ;EVET
Çumra;KUZUCU;EVET
Çumra;KÜÇÜKKÖY;HAYIR
Çumra;SEÇME;EVET
Çumra;SÜRGÜÇ;EVET
Çumra;TAHTALI;HAYIR
Çumra;T.KARAHÜYÜK;EVET
Çumra;TAŞAĞIL;HAYIR
Çumra;UZUNKUYU;HAYIR
Çumra;ÜÇHÜYÜK;HAYIR
Çumra;ÜRÜNLÜ;HAYIR
Çumra;YÖRÜKCAMİLİ;EVET
Çumra;ÇAYBAŞI;EVET
Derbent;ÇİFTLİKÖZÜ;HAYIR
Derbent;DEĞİŞ;HAYIR
Derbent;TEKKE;EVET
Derbent;GÜNEYKÖY;EVET
Derbent;MÜLAYİM;EVET
Derbent;SARAYPINAR;EVET
Derbent;YASSIÖREN;HAYIR
Derbent;SÜLEYMAN;EVET
Derbent;KARALAR;EVET
Derebucak;ÇAMLIK;EVET
Derebucak;DURAK;EVET
Derebucak;GENCEK;EVET
Derebucak;GÖYNEM;EVET
Derebucak;PINARBAŞI;EVET
Derebucak;TAŞLIPINAR;EVET
Derebucak;TEPEARASI;EVET
Derebucak;UĞURLU;EVET
Doğanhisar;BAŞKÖY;HAYIR
Doğanhisar;YAZLICA;EVET
Doğanhisar;AYASLAR;EVET
Doğanhisar;ÇINAROBA;EVET
Doğanhisar;DEŞTİĞİN;EVET
Doğanhisar;FIRINLI;EVET
Doğanhisar;GÜVENDİK;EVET
Doğanhisar;İLYASLAR;EVET
Doğanhisar;KARAAĞA;EVET
Doğanhisar;KEMER;EVET
Doğanhisar;KOÇAŞ;EVET
Doğanhisar;KONAKKALE;EVET
Doğanhisar;TEKKE;HAYIR
Doğanhisar;UNCULAR;EVET
Doğanhisar;YAZIR;HAYIR
Doğanhisar;YENİCE;EVET
Emirgazi;EKİZLİ;EVET
Emirgazi;AKMESCİT;HAYIR
Emirgazi;BESCİ;HAYIR
Emirgazi;DEMİRCİ;EVET
Emirgazi;GÖLÖREN;EVET
Emirgazi;IŞIKLAR;EVET
Emirgazi;KARAÖREN;EVET
Emirgazi;MEŞELİ;HAYIR
Emirgazi;ÖBEKTAŞ;EVET
Emirgazi;YAMAÇ;EVET
Ereğli;ZENGEN;EVET
Ereğli;ACIPINAR;HAYIR
Ereğli;ADABAĞ;HAYIR
Ereğli;AKHÜYÜK;HAYIR
Ereğli;ALHAN;HAYIR
Ereğli;AŞAĞI GÖNDELEN;HAYIR
Ereğli;AŞIKLAR;HAYIR
Ereğli;AZİZİYE;HAYIR
Ereğli;BAHÇELİ;HAYIR
Ereğli;BELCEAĞAÇ;HAYIR
Ereğli;BELKAYA;HAYIR
Ereğli;BEYKÖY;HAYIR
Ereğli;BEYÖREN;EVET
Ereğli;BULGURLUK;HAYIR
Ereğli;BURHANİYE;EVET
Ereğli;BÜYÜKDEDE;EVET
Ereğli;ÇAKMAK;HAYIR
Ereğli;ÇAYHAN;HAYIR
Ereğli;ÇİLLER;HAYIR
Ereğli;ÇİMENCİK;EVET
Ereğli;GAYBİ;EVET
Ereğli;GÖKÇEYAZI;HAYIR
Ereğli;GÖKTÖME;EVET
Ereğli;HACIMEMİŞ;EVET
Ereğli;KAMIŞLIKUYU;HAYIR
Ereğli;KARABURUN;HAYIR
Ereğli;KARGACI;HAYIR
Ereğli;KIZILGEDİK;EVET
Ereğli;KUSKUNCUK;HAYIR
Ereğli;KUTÖREN;HAYIR
Ereğli;KUZUKUYU;HAYIR
Ereğli;MELİCEK;HAYIR
Ereğli;ORHANİYE;EVET
Ereğli;ÖZGÜRLER;HAYIR
Ereğli;PINARÖZÜ;HAYIR
Ereğli;SARICA;HAYIR
Ereğli;SARITOPALLI;HAYIR
Ereğli;SELVİLİ;HAYIR
Ereğli;TAŞAĞIL;HAYIR
Ereğli;TAŞBUDAK;HAYIR
Ereğli;TATLIKUYU;HAYIR
Ereğli;TÜRKMEN;EVET
Ereğli;ULUMEŞE;EVET
Ereğli;YAZLIK;HAYIR
Ereğli;YELLİCE;EVET
Ereğli;YENİKÖY;HAYIR
Ereğli;YILDIZLI;EVET
Ereğli;YUKARIGÖNDELEN;HAYIR
Ereğli;HORTU;HAYIR
Ereğli;ACIKUYU;EVET
Güneysınır;GÜRAĞAÇ;EVET
Güneysınır;AĞAÇOBA;EVET
Güneysınır;ALANÖZÜ;EVET
Güneysınır;AVCITEPE;HAYIR
Güneysınır;AYDOĞMUŞ;EVET
Güneysınır;HABİLLER;EVET
Güneysınır;KARAGÜNEY;HAYIR
Güneysınır;KAYAAĞZI;EVET
Güneysınır;KIZILÖZ;EVET
Güneysınır;KURUKAVAK;EVET
Güneysınır;MEHMET ALİ;EVET
Güneysınır;ÖMEROĞLU;EVET
Güneysınır;ÖRENBOYALI;EVET
Güneysınır;SARIHACI;EVET
Hadim;AŞAĞIEŞENLER;EVET
Hadim;AŞAĞIKIZILKAYA;HAYIR
Hadim;BADEMLİ;EVET
Hadim;BAĞBAŞI;HAYIR
Hadim;BEYRELİ;EVET
Hadim;BOLAT;EVET
Hadim;ÇİFTEPINAR;EVET
Hadim;DEDEMLİ;EVET
Hadim;DÜLGERLER;EVET
Hadim;FAKILAR;EVET
Hadim;GAZİLER;EVET
Hadim;GÖYNÜKKIŞLA;EVET
Hadim;GÜLPINAR;EVET
Hadim;İĞDEÖREN;EVET
Hadim;KALINAĞIL;EVET
Hadim;KAPLANLI;EVET
Hadim;GEZLEVİ;EVET
Hadim;KÜPLÜCE;EVET
Hadim;ODUNCU;EVET
Hadim;SARNIÇ;EVET
Hadim;SELAHATTİN;EVET
Hadim;UMURLAR;EVET
Hadim;YAĞCI;EVET
Hadim;YALINÇEVRE;EVET
Hadim;YELMEZ;EVET
Hadim;YENİKONAK;HAYIR
Hadim;YUKARIEŞENLER;EVET
Halkapınar;İVRİZ;EVET
Halkapınar;BÜYÜKDOĞAN;EVET
Halkapınar;DEDELİ;HAYIR
Halkapınar;DELİMAHMUTLU;EVET
Halkapınar;ESKİHİSAR;EVET
Halkapınar;KARAYUSUFLU;EVET
Halkapınar;KAYASARAY;EVET
Halkapınar;KÖRLÜ;EVET
Halkapınar;KÜSERE;EVET
Halkapınar;OSMANKÖSELİ;EVET
Halkapınar;SEYDİFAKILI;EVET
Halkapınar;YASSIKAYA;EVET
Halkapınar;YAYIKLI;EVET
Halkapınar;YEŞİLYURT;EVET
Halkapınar;ÇAKILLAR;EVET
Hüyük;BAŞLAMIŞ;EVET
Hüyük;BUDAK;EVET
Hüyük;BURUNSUZ;HAYIR
Hüyük;ÇAMLICA;EVET
Hüyük;ÇAVUŞ;EVET
Hüyük;ÇUKURKENT;EVET
Hüyük;DEĞİRMENALTI;EVET
Hüyük;GÖÇERİ;EVET
Hüyük;GÖRÜNMEZ;EVET
Hüyük;İLMEN;EVET
Hüyük;İMRENLER;EVET
Hüyük;KIRELİ;EVET
Hüyük;KÖŞK;EVET
Hüyük;MUTLU;HAYIR
Hüyük;PINARBAŞI;EVET
Hüyük;SELKİ;EVET
Hüyük;SULUDERE;EVET
Hüyük;TOLCA;EVET
Hüyük;YENİCE;EVET
Ilgın;ARGITHANI;EVET
Ilgın;BEYKONAK;HAYIR
Ilgın;ÇAVUŞÇUGÖL;HAYIR
Ilgın;AĞALAR;EVET
Ilgın;BALKI;HAYIR
Ilgın;BARAKMUSLU;HAYIR
Ilgın;BELEKLER;EVET
Ilgın;BOĞAZKENT;HAYIR
Ilgın;BULCUK;HAYIR
Ilgın;BÜYÜKOBA;EVET
Ilgın;ÇİĞİL;EVET
Ilgın;ÇATAK;HAYIR
Ilgın;ÇOBANKAYA;EVET
Ilgın;ÇÖMLEKCİ;HAYIR
Ilgın;DEREKÖY;HAYIR
Ilgın;DIĞRAK;EVET
Ilgın;DÜĞER;HAYIR
Ilgın;ELDEŞ;HAYIR
Ilgın;GEÇİT;HAYIR
Ilgın;GEDİKÖREN;EVET
Ilgın;GÖSTERE;HAYIR
Ilgın;GÖKÇEYURT;EVET
Ilgın;GÖLYAKA;HAYIR
Ilgın;GÖKBUDAK;EVET
Ilgın;GÜNEYPINAR;EVET
Ilgın;HARMANYAZI;HAYIR
Ilgın;İHSANİYE;EVET
Ilgın;KAPAKLI;HAYIR
Ilgın;KARAKÖY;EVET
Ilgın;KALEKÖY;HAYIR
Ilgın;MAHMUTHİSAR;HAYIR
Ilgın;MECİDİYE;HAYIR
Ilgın;MİSAFİRLİ;EVET
Ilgın;OLUKPINAR;HAYIR
Ilgın;ORHANİYE;EVET
Ilgın;ORMANÖZÜ;HAYIR
Ilgın;SADIKKÖY;EVET
Ilgın;SEBİLLER;HAYIR
Ilgın;TEKELER;HAYIR
Ilgın;YUKARIÇİĞİL;EVET
Ilgın;YORAZLAR;HAYIR
Ilgın;ZAFERİYE;HAYIR
Ilgın;AVDAN;EVET
Kadınhanı;OSMANCIK;EVET
Kadınhanı;AFŞARLI;HAYIR
Kadınhanı;ALABAĞ;HAYIR
Kadınhanı;ATLANTI;EVET
Kadınhanı;BAKIRPINAR;HAYIR
Kadınhanı;BAŞKUYU;EVET
Kadınhanı;BAYRAMLI;HAYIR
Kadınhanı;BEYKAVAĞI;EVET
Kadınhanı;BULGURPINAR;HAYIR
Kadınhanı;ÇAVDAR;HAYIR
Kadınhanı;ÇEŞMECİK;HAYIR
Kadınhanı;ÇUBUK;HAYIR
Kadınhanı;DEMİROLUK;HAYIR
Kadınhanı;HACIMEHMETLİ;HAYIR
Kadınhanı;HACIOFLAZLAR;HAYIR
Kadınhanı;HACIPİRLİ;HAYIR
Kadınhanı;KABACALI;HAYIR
Kadınhanı;KAMIŞLIÖZÜ;EVET
Kadınhanı;KARAHİSARLI;HAYIR
Kadınhanı;KARAKURTLU;HAYIR
Kadınhanı;KARASEVİNÇ;EVET
Kadınhanı;KARAYÜRÜKLÜ;EVET
Kadınhanı;KIZILKUYU;EVET
Kadınhanı;KOLUKISA;HAYIR
Kadınhanı;KONURÖREN;HAYIR
Kadınhanı;KÖKEZ;EVET
Kadınhanı;KÖYLÜTOLU;HAYIR
Kadınhanı;KURTHASANLI;EVET
Kadınhanı;KÜÇÜKKUYU;EVET
Kadınhanı;MAHMUDİYE;HAYIR
Kadınhanı;MEYDANLI;HAYIR
Kadınhanı;ÖRNEK;HAYIR
Kadınhanı;PİRALİ;HAYIR
Kadınhanı;PUSAT;HAYIR
Kadınhanı;SAÇIKARA;HAYIR
Kadınhanı;SARIKAYA;HAYIR
Kadınhanı;SÖĞÜTÖZÜ;HAYIR
Kadınhanı;ŞAHÖREN;EVET
Kadınhanı;TOSUNOĞLU;EVET
Kadınhanı;YAĞLICA;HAYIR
Kadınhanı;YAYLAYAKA;EVET
Karapınar;HOTAMIŞ;HAYIR
Karapınar;KESMEZ;HAYIR
Karapınar;AKÇAYAZI;HAYIR
Karapınar;AKÖREN;HAYIR
Karapınar;ÇİĞİL;HAYIR
Karapınar;HASANOBA;HAYIR
Karapınar;İSLİK;HAYIR
Karapınar;KARAKIŞLA;EVET
Karapınar;KAYACIK;HAYIR
Karapınar;KAYALI;EVET
Karapınar;KAZANHÜYÜĞÜ;HAYIR
Karapınar;KÜÇÜKAŞLAMA;HAYIR
Karapınar;ORTAOBA;HAYIR
Karapınar;OYMALI;HAYIR
Karapınar;SAZLIPINAR;HAYIR
Karapınar;YAĞMAPINAR;HAYIR
Karapınar;YENİKUYU;HAYIR
Karapınar;YEŞİLYURT;HAYIR
Karatay;YARMA;EVET
Karatay;ACIDORT;HAYIR
Karatay;AĞSAKLI;HAYIR
Karatay;AKBAŞ;HAYIR
Karatay;AKÖRENKIŞLA;HAYIR
Karatay;BAKIRTOLU;HAYIR
Karatay;BAŞGÖTÜREN;HAYIR
Karatay;BEŞAĞIL;EVET
Karatay;BÜYÜKBURNAK;HAYIR
Karatay;ÇENGİLTİ;EVET
Karatay;DİVANLAR;HAYIR
Karatay;ESENTEPE;HAYIR
Karatay;GÖÇÜ;HAYIR
Karatay;HAYIROĞLU MERKEZ;HAYIR
Karatay;İPEKLER;HAYIR
Karatay;İSMİL;HAYIR
Karatay;KARADONA;EVET
Karatay;KARAKAYA;HAYIR
Karatay;KATRANCI;HAYIR
Karatay;KIZÖREN;HAYIR
Karatay;KÖSEALİ;HAYIR
Karatay;OBRUK;EVET
Karatay;OVAKAVAĞI;EVET
Karatay;SAKYATAN;HAYIR
Karatay;SÜRÜÇ;EVET
Karatay;ŞATIR;HAYIR
Karatay;YAĞLIBAYAT;EVET
Karatay;YAVŞANKUYU;HAYIR
Karatay;YENİCE;HAYIR
Karatay;YENİKENT;EVET
Karatay;ZİNCİRLİ;HAYIR
Kulu;ACIKUYU;HAYIR
Kulu;AĞILBAŞI;HAYIR
Kulu;ALTILAR;HAYIR
Kulu;ARŞINCA;EVET
Kulu;BEŞKARDEŞ;HAYIR
Kulu;BOĞAZÖREN;HAYIR
Kulu;BOZAN;EVET
Kulu;BURUNAĞIL;HAYIR
Kulu;CANIMANA;EVET
Kulu;CELEP;HAYIR
Kulu;DİPDEDE;HAYIR
Kulu;DOĞUTEPE;HAYIR
Kulu;FEVZİYE;EVET
Kulu;GÖKLER;HAYIR
Kulu;GÜZELYAYLA;HAYIR
Kulu;HİSAR;EVET
Kulu;KARACADAĞ;EVET
Kulu;KARACADERE;EVET
Kulu;KIRKKUYU;EVET
Kulu;KIRKPINAR;HAYIR
Kulu;KOZANLI;EVET
Kulu;KÖMÜŞİNİ;HAYIR
Kulu;KÖŞKER;HAYIR
Kulu;SARIYAYLA;EVET
Kulu;SEYİTAHMETLİ;HAYIR
Kulu;SOĞUKKUYU;HAYIR
Kulu;ŞEREFLİ;HAYIR
Kulu;TAVLIÖREN;HAYIR
Kulu;ÖMERANLI;EVET
Kulu;TUZYAKA;HAYIR
Kulu;YARAŞLI;EVET
Kulu;YAZIÇAYIR;EVET
Kulu;YEŞİLTEPE;HAYIR
Kulu;YEŞİLYURT;HAYIR
Kulu;ZİNCİRLİKUYU;EVET
Kulu;BAHADIRLI;HAYIR
Kulu;DEĞİRMENÖZÜ;EVET
Meram;ERENKAYA;HAYIR
Meram;YATAĞAN;EVET
Meram;GÖKYURT;EVET
Meram;BAYAT;EVET
Meram;BORUKTOLU;EVET
Meram;BOTSA;EVET
Meram;ÇAYIRBAĞI;EVET
Meram;ÇOMAKLAR;HAYIR
Meram;ÇUKURÇİMEN;EVET
Meram;EVLİYATEKKE;EVET
Meram;HATUNSARAY;EVET
Meram;İKİPINAR;EVET
Meram;İLYASBABA;EVET
Meram;İNLİCE;EVET
Meram;KARAAĞAÇ;HAYIR
Meram;KAVAK;EVET
Meram;KAYADİBİ;EVET
Meram;KAYALI;EVET
Meram;KAYHÜYÜK;EVET
Meram;KIZILÖREN;EVET
Meram;KUMRALI;EVET
Meram;SADIKLAR;EVET
Meram;SAĞLIK;EVET
Meram;SARIKIZ;HAYIR
Meram;SEFAKÖY;HAYIR
Meram;YEŞİLDERE;EVET
Meram;YEŞİLTEKKE;HAYIR
Meram;KAŞINHANI;EVET
Sarayönü;LADİK;EVET
Sarayönü;BAHÇESARAY;HAYIR
Sarayönü;BAŞHÜYÜK;EVET
Sarayönü;BOYALI;EVET
Sarayönü;BÜYÜKZENGİ;HAYIR
Sarayönü;ÇEŞMELİSEBİL;EVET
Sarayönü;DEĞİRMENLİ;HAYIR
Sarayönü;ERTUĞRUL;EVET
Sarayönü;GÖZLÜ;EVET
Sarayönü;KADIOĞLU;HAYIR
Sarayönü;KARABIYIK;HAYIR
Sarayönü;KARATEPE;HAYIR
Sarayönü;KAYIÖREN;HAYIR
Sarayönü;KONAR;HAYIR
Sarayönü;KURŞUNLU;HAYIR
Sarayönü;KUYULUSEBİL;HAYIR
Sarayönü;ÖZKENT;HAYIR
Sarayönü;YENİCEKAYA;HAYIR
Selçuklu;BAŞARAKAVAK;EVET
Selçuklu;hasan;
Selçuklu;SARAYKÖY;HAYIR
Selçuklu;SULUTAS;EVET
Selçuklu;TATKÖY;EVET
Selçuklu;AKPINAR;EVET
Selçuklu;BAĞRIKURT;EVET
Selçuklu;BİÇER;HAYIR
Selçuklu;ÇALDERE;EVET
Selçuklu;ÇALTI;HAYIR
Selçuklu;ÇANDIR;HAYIR
Selçuklu;DAĞDERE;EVET
Selçuklu;EĞRİBAYAT;EVET
Selçuklu;GÜVENÇ;HAYIR
Selçuklu;KALE;HAYIR
Selçuklu;KARAÖMERLER;EVET
Selçuklu;KERVAN;HAYIR
Selçuklu;KINIK;EVET
Selçuklu;KIZILCAKUYU;HAYIR
Selçuklu;MEYDAN;EVET
Selçuklu;SELAHATTİN;EVET
Selçuklu;SIZMA;EVET
Selçuklu;TEPEKENT;HAYIR
Selçuklu;ULUMUHSİNE;HAYIR
Selçuklu;YAZIBELEN;EVET
Selçuklu;SİLLE;EVET
Selçuklu;ARDIÇLI;HAYIR
Selçuklu;AŞAĞIPINARBAŞI;EVET
Selçuklu;YUKARIPINARBAŞI;EVET
Selçuklu;KÜÇÜKMUHSİNE;EVET
Selçuklu;SARICALAR;EVET
Selçuklu;TÖMEK;EVET
Selçuklu;YÜKSELEN;EVET
Selçuklu;Mehmet Fatih;
Seydişehir;KESECİK;EVET
Seydişehir;AKÇALAR;HAYIR
Seydişehir;AŞAĞIKARAÖREN;EVET
Seydişehir;BAŞKARAÖREN;EVET
Seydişehir;BOSTANDERE;EVET
Seydişehir;BOYALI;EVET
Seydişehir;BÜKÇE;HAYIR
Seydişehir;ÇAT;EVET
Seydişehir;ÇATMAKAYA;EVET
Seydişehir;ÇAVUŞ;EVET
Seydişehir;DİKİLİTAŞ;EVET
Seydişehir;GEVREKLİ;EVET
Seydişehir;GÖKÇEHÜYÜK;EVET
Seydişehir;GÖKHÜYÜK;EVET
Seydişehir;GÖLYÜZÜ;EVET
Seydişehir;IRMAKLI;EVET
Seydişehir;İNCESU;HAYIR
Seydişehir;KARABULAK;EVET
Seydişehir;KARACAÖREN;EVET
Seydişehir;KAVAK;EVET
Seydişehir;KETENLİ;EVET
Seydişehir;KIZILCA;EVET
Seydişehir;KOZLU;EVET
Seydişehir;KUMLUCA;EVET
Seydişehir;KURAN;EVET
Seydişehir;MADENLİ;EVET
Seydişehir;MESUDİYE;EVET
Seydişehir;MURADİYE;EVET
Seydişehir;OĞLAKÇI;HAYIR
Seydişehir;ORTAKARAÖREN;EVET
Seydişehir;SARAYCIK;HAYIR
Seydişehir;SUSUZ;EVET
Seydişehir;TARAŞÇI;EVET
Seydişehir;TAŞAĞIL;EVET
Seydişehir;TEPECİK;EVET
Seydişehir;TOL;EVET
Seydişehir;UFACIK;HAYIR
Seydişehir;YAYLACIK;EVET
Seydişehir;YENİCE;EVET
Taşkent;AFŞAR;EVET
Taşkent;BALCILAR;EVET
Taşkent;BOLAY;EVET
Taşkent;ÇETMİ;EVET
Taşkent;KECİMEN;HAYIR
Taşkent;KONGUL;EVET
Taşkent;SAZAK;EVET
Taşkent;ILICAPINAR;EVET
Tuzlukçu;KONARI;HAYIR
Tuzlukçu;MEVLÜTLÜ;HAYIR
Tuzlukçu;KORAŞI;HAYIR
Tuzlukçu;ÇÖĞÜRLÜ;EVET
Tuzlukçu;TURSUNLU;HAYIR
Tuzlukçu;KUNDULLU;EVET
Tuzlukçu;PAZARKAYA;EVET
Tuzlukçu;SUBATAN;EVET
Tuzlukçu;GÜRSU;HAYIR
Tuzlukçu;ERDOĞDU;HAYIR
Tuzlukçu;KÖKLÜCE;HAYIR
Yalıhüyük;SARAY;EVET
Yalıhüyük;ARASÖĞÜT;HAYIR
Yunak;KUZÖREN;HAYIR
Yunak;KOÇYAZI;EVET
Yunak;TURGUT;HAYIR
Yunak;PİRİBEYLİ;EVET
Yunak;SÜLÜKLÜ;EVET
Yunak;ALTINÖZ;HAYIR
Yunak;AYRITEPE;EVET
Yunak;BEŞIŞIKLI;EVET
Yunak;CEBRAİL;HAYIR
Yunak;ÇAYIRBAŞI;HAYIR
Yunak;EĞRİKUYU;HAYIR
Yunak;HACIÖMEROĞLU;HAYIR
Yunak;HATIRLI;HAYIR
Yunak;HACIFAKILI;EVET
Yunak;HARUNLAR;EVET
Yunak;HURSUNLU;HAYIR
Yunak;İMAMOĞLU;HAYIR
Yunak;KARGALI;HAYIR
Yunak;KARAYAYLA;HAYIR
Yunak;KILLAR;HAYIR
Yunak;KURTUŞAĞI;EVET
Yunak;KUYUBAŞI;HAYIR
Yunak;MEŞELİK;HAYIR
Yunak;ODABAŞI;HAYIR
Yunak;ORTAKIŞLA;HAYIR
Yunak;ÖZYAYLA;HAYIR
Yunak;SERTLER;HAYIR
Yunak;SEVİNÇ;HAYIR
Yunak;SIRAM;EVET
Yunak;SİNANLI;HAYIR
Yunak;YAVAŞLI;HAYIR
Yunak;YEŞİLOBA;HAYIR
Yunak;YEŞİLYAYLA;EVET
Yunak;YIĞAR;HAYIR
Yunak;SARAY;EVET
;;
