,ilce_adi,mahalle_adi,aricilik
0,Ahırlı,ALİÇERÇİ,HAYIR
1,Ahırlı,BADEMLİ,EVET
2,Ahırlı,BALIKLAVA,EVET
3,Ahırlı,BÜYÜKÖZ,EVET
4,Ahırlı,ÇİFTLİK,EVET
5,Ahırlı,ERDOĞAN,EVET
6,Ahırlı,KARACAKUYU,EVET
7,Ahırlı,KAYACIK,EVET
8,Ahırlı,KURUÇAY,EVET
9,Ahırlı,KÜÇÜKÖZ,HAYIR
10,Akören,AVDAN,EVET
11,Akören,KAYASU,EVET
12,Akören,AHMEDİYE,EVET
13,Akören,ALAN,EVET
14,Akören,BELKUYU,EVET
15,Akören,ÇATÖREN,EVET
16,Akören,DUTLU,HAYIR
17,Akören,ORHANİYE,EVET
18,Akören,SÜLEYMANİYE,EVET
19,Akören,TÜLCE,EVET
20,Akören,KARAHÜYÜK,EVET
21,Akşehir,ÇAKILLAR,EVET
22,Akşehir,GEDİL,HAYIR
23,Akşehir,KARAHÜYÜK,HAYIR
24,Akşehir,ADSIZ,EVET
25,Akşehir,ALANYURT,EVET
26,Akşehir,ALTUNTAŞ,EVET
27,Akşehir,ATAKENT,HAYIR
28,Akşehir,BOZLAĞAN,HAYIR
29,Akşehir,CANKURTARAN,EVET
30,Akşehir,ÇAMLI,HAYIR
31,Akşehir,ÇİMENDERE,EVET
32,Akşehir,DEĞİRMENKÖY,EVET
33,Akşehir,DOĞRUGÖZ,EVET
34,Akşehir,ENGİLİ,EVET
35,Akşehir,GÖLÇAYIR,HAYIR
36,Akşehir,GÖZPINARI,HAYIR
37,Akşehir,ILICAK,EVET
38,Akşehir,KARABULUT,HAYIR
39,Akşehir,ORTACA,EVET
40,Akşehir,ORTAKÖY,HAYIR
41,Akşehir,REİS,HAYIR
42,Akşehir,SAVAŞ,EVET
43,Akşehir,SORKUN,HAYIR
44,Akşehir,SÖĞÜTLÜ,HAYIR
45,Akşehir,TEKKE,EVET
46,Akşehir,TİPİKÖY,HAYIR
47,Akşehir,ULUPINAR,HAYIR
48,Akşehir,ÜÇHÜYÜK,HAYIR
49,Akşehir,YAŞARLAR,HAYIR
50,Akşehir,YAYLABELEN,HAYIR
51,Akşehir,YAZLA,EVET
52,Akşehir,YENİKÖY,EVET
53,Akşehir,YEŞİLKÖY,HAYIR
54,Akşehir,SARAY,EVET
55,Altınekin,OĞUZELİ,HAYIR
56,Altınekin,AKCAŞAR,HAYIR
57,Altınekin,AYIŞIĞI,HAYIR
58,Altınekin,AKKÖY,HAYIR
59,Altınekin,BORUKKUYU,EVET
60,Altınekin,HACINUMAN,HAYIR
61,Altınekin,KARAKAYA,EVET
62,Altınekin,KOÇAŞ,EVET
63,Altınekin,KOÇYAKA,EVET
64,Altınekin,MANTAR,HAYIR
65,Altınekin,YENİÖLMEZ,EVET
66,Altınekin,SARNIÇ,EVET
67,Altınekin,TOPRAKLIK,HAYIR
68,Altınekin,YENİKUYU,EVET
69,Altınekin,YENİYAYLA,EVET
70,Altınekin,DEDELER,EVET
71,Altınekin,AKINCILAR,EVET
72,Beyşehir,ADAKÖY,EVET
73,Beyşehir,AĞILÖNÜ,EVET
74,Beyşehir,AKBURUN,HAYIR
75,Beyşehir,AKÇABELEN,EVET
76,Beyşehir,AVDANCIK,EVET
77,Beyşehir,BADEMLİ,EVET
78,Beyşehir,BAYAT,HAYIR
79,Beyşehir,BAYAVŞAR,EVET
80,Beyşehir,BAYINDIR,HAYIR
81,Beyşehir,BAŞGÖZE,EVET
82,Beyşehir,BEKDEMİR,HAYIR
83,Beyşehir,DAMLAPINAR,EVET
84,Beyşehir,DOĞANBEY,EVET
85,Beyşehir,DOĞANCIK,HAYIR
86,Beyşehir,DUMANLI,EVET
87,Beyşehir,EMEN,EVET
88,Beyşehir,ESENCE,HAYIR
89,Beyşehir,EYLİKLER,HAYIR
90,Beyşehir,EĞİRLER,EVET
91,Beyşehir,FASILLAR,EVET
92,Beyşehir,GÖKÇEKUYU,EVET
93,Beyşehir,GÖKÇİMEN,EVET
94,Beyşehir,GÖLKAŞI,EVET
95,Beyşehir,GÖLYAKA,EVET
96,Beyşehir,GÖNEN,EVET
97,Beyşehir,GÖÇÜ,EVET
98,Beyşehir,GÜNDOĞDU,EVET
99,Beyşehir,HUĞLU,EVET
100,Beyşehir,HÜSEYİNLER,EVET
101,Beyşehir,İSAKÖY,EVET
102,Beyşehir,KARAALİ,HAYIR
103,Beyşehir,KARABAYAT,EVET
104,Beyşehir,KARADİKEN,EVET
105,Beyşehir,KARAHİSAR,EVET
106,Beyşehir,KAYABAŞI,EVET
107,Beyşehir,KURUCUOVA,EVET
108,Beyşehir,KUŞLUCA,HAYIR
109,Beyşehir,KÜÇÜKAVŞAR,EVET
110,Beyşehir,MESUTLAR,HAYIR
111,Beyşehir,SADIKHACI,EVET
112,Beyşehir,SARIKÖY,HAYIR
113,Beyşehir,SEVİNDİK,EVET
114,Beyşehir,ŞAMLAR,EVET
115,Beyşehir,ÜÇPINAR,EVET
116,Beyşehir,ÜSTÜNLER,EVET
117,Beyşehir,ÜZÜMLÜ,HAYIR
118,Beyşehir,YAZYURDU,EVET
119,Beyşehir,YENİDOĞAN,EVET
120,Beyşehir,YEŞİLDAĞ,EVET
121,Beyşehir,YUKARIESENCE,HAYIR
122,Beyşehir,YUNUSLAR,HAYIR
123,Beyşehir,ÇİFTLİK,EVET
124,Beyşehir,ÇİVRİL,EVET
125,Beyşehir,ÇUKURAĞIL,EVET
126,Bozkır,ÇAĞLAYAN,EVET
127,Bozkır,HAMZALAR,EVET
128,Bozkır,AKÇAPINAR,HAYIR
129,Bozkır,ARMUTLU,EVET
130,Bozkır,ARSLANTAŞ,EVET
131,Bozkır,AYDINKIŞLA,EVET
132,Bozkır,AYVALCA,HAYIR
133,Bozkır,BAĞYURDU,EVET
134,Bozkır,BAYBAĞAN,EVET
135,Bozkır,BOZDAM,HAYIR
136,Bozkır,DEREİÇİ,EVET
137,Bozkır,DEREKÖY,EVET
138,Bozkır,ELMAAĞAÇ,HAYIR
139,Bozkır,HACILAR,EVET
140,Bozkır,HACIYUNUSLAR,HAYIR
141,Bozkır,HARMANPINAR,EVET
142,Bozkır,HİSARLIK,EVET
143,Bozkır,IŞIKLAR,HAYIR
144,Bozkır,KARABAYIR,EVET
145,Bozkır,KARACAARDIÇ,HAYIR
146,Bozkır,KARACAHİSAR,EVET
147,Bozkır,KARAYAHYA,HAYIR
148,Bozkır,KAYACILAR,HAYIR
149,Bozkır,KAYAPINAR,HAYIR
150,Bozkır,KINIK,EVET
151,Bozkır,KIZILÇAKIR,EVET
152,Bozkır,KİLDERE,EVET
153,Bozkır,KOVANLIK,EVET
154,Bozkır,KOZAĞAÇ,EVET
155,Bozkır,KUŞÇA,HAYIR
156,Bozkır,KÜÇÜKHİSARLIK,HAYIR
157,Bozkır,PINARCIK,EVET
158,Bozkır,SARIOĞLAN,HAYIR
159,Bozkır,SAZLI,EVET
160,Bozkır,SOĞUCAK,HAYIR
161,Bozkır,SORKUN,EVET
162,Bozkır,SÖĞÜT,EVET
163,Bozkır,TARLABAŞI,HAYIR
164,Bozkır,TAŞBAŞI,EVET
165,Bozkır,TEPEARASI,EVET
166,Bozkır,TEPELİCE,EVET
167,Bozkır,ULUPINAR,EVET
168,Bozkır,ÜÇPINAR,EVET
169,Bozkır,YALNIZCA,EVET
170,Bozkır,YAZDAMI,HAYIR
171,Bozkır,YELBEYİ,EVET
172,Bozkır,YENİKÖY,HAYIR
173,Bozkır,YOLÖREN,EVET
174,Çeltik,GÖKPINAR,HAYIR
175,Çeltik,ADAKASIM,HAYIR
176,Çeltik,DOĞANYURT,HAYIR
177,Çeltik,KAŞÖREN,HAYIR
178,Çeltik,KÜÇÜKHASAN,HAYIR
179,Çeltik,TORUNLAR,EVET
180,Çeltik,İSHAKUŞAĞI,HAYIR
181,Çeltik,HONAMLI,EVET
182,Cihanbeyli,BÖĞRÜDELİK,EVET
183,Cihanbeyli,YAPALI,HAYIR
184,Cihanbeyli,YENİCEOBA,HAYIR
185,Cihanbeyli,CUMHURİYET,HAYIR
186,Cihanbeyli,GEMECİK,EVET
187,Cihanbeyli,GÖKTEPE,HAYIR
188,Cihanbeyli,AĞABEYLİ,HAYIR
189,Cihanbeyli,HODOĞLU,HAYIR
190,Cihanbeyli,KAYI,HAYIR
191,Cihanbeyli,KIRKIŞLA,HAYIR
192,Cihanbeyli,KORKMAZLAR,HAYIR
193,Cihanbeyli,KÜÇÜKBEŞKAVAK,HAYIR
194,Cihanbeyli,MUTLUKONAK,HAYIR
195,Cihanbeyli,SAĞLIK,HAYIR
196,Cihanbeyli,SIĞIRCIK,HAYIR
197,Cihanbeyli,TURANLAR,HAYIR
198,Cihanbeyli,TÜFEKÇİPINAR,HAYIR
199,Cihanbeyli,UZUNCAYAYLA,HAYIR
200,Cihanbeyli,YÜNLÜKUYU,HAYIR
201,Cihanbeyli,ZAFERİYE,HAYIR
202,Cihanbeyli,GÖLYAZI,HAYIR
203,Cihanbeyli,GÜNYÜZÜ,HAYIR
204,Cihanbeyli,İNSUYU,HAYIR
205,Cihanbeyli,KANDİL,HAYIR
206,Cihanbeyli,KARABAĞ,HAYIR
207,Cihanbeyli,KELHASAN,HAYIR
208,Cihanbeyli,KUŞCA,HAYIR
209,Cihanbeyli,KÜTÜKUŞAĞI,HAYIR
210,Cihanbeyli,TAŞPINAR,HAYIR
211,Cihanbeyli,BEYLİOVA,HAYIR
212,Cihanbeyli,ÇİMEN,HAYIR
213,Cihanbeyli,ÇÖL,HAYIR
214,Cihanbeyli,DAMLAKUYU,HAYIR
215,Cihanbeyli,BULDUK,HAYIR
216,Cihanbeyli,BÜYÜKBEŞKAVAK,HAYIR
217,Cihanbeyli,KARATEPE,EVET
218,Çumra,ARIKÖREN,EVET
219,Çumra,DEDEMOĞLU,EVET
220,Çumra,TÜRKMENCAMİLİ,HAYIR
221,Çumra,A.B.HÜYÜĞÜ,EVET
222,Çumra,DİNEK,EVET
223,Çumra,İÇERİÇUMRA,HAYIR
224,Çumra,GÜVERCİNLİK,HAYIR
225,Çumra,KARKIN,HAYIR
226,Çumra,OKÇU,EVET
227,Çumra,YENİSU,EVET
228,Çumra,APA,EVET
229,Çumra,ABDİTOLU,HAYIR
230,Çumra,ADAKALE,HAYIR
231,Çumra,ALEMDAR,HAYIR
232,Çumra,APASARAYCIK,HAYIR
233,Çumra,AFŞAR,EVET
234,Çumra,AVDUL,EVET
235,Çumra,BALÇIKHİSAR,EVET
236,Çumra,BEYLERCE,EVET
237,Çumra,B.AŞLAMA,EVET
238,Çumra,CİCEK,HAYIR
239,Çumra,ÇUKURKAVAK,EVET
240,Çumra,DİNLENDİK,EVET
241,Çumra,DİNEKSARAY,EVET
242,Çumra,DOĞANLI,HAYIR
243,Çumra,FETHİYE,HAYIR
244,Çumra,GÖKHÜYÜK,HAYIR
245,Çumra,ERENTEPE,EVET
246,Çumra,İNLİ,EVET
247,Çumra,KUZUCU,EVET
248,Çumra,KÜÇÜKKÖY,HAYIR
249,Çumra,SEÇME,EVET
250,Çumra,SÜRGÜÇ,EVET
251,Çumra,TAHTALI,HAYIR
252,Çumra,T.KARAHÜYÜK,EVET
253,Çumra,TAŞAĞIL,HAYIR
254,Çumra,UZUNKUYU,HAYIR
255,Çumra,ÜÇHÜYÜK,HAYIR
256,Çumra,ÜRÜNLÜ,HAYIR
257,Çumra,YÖRÜKCAMİLİ,EVET
258,Çumra,ÇAYBAŞI,EVET
259,Derbent,ÇİFTLİKÖZÜ,HAYIR
260,Derbent,DEĞİŞ,HAYIR
261,Derbent,TEKKE,EVET
262,Derbent,GÜNEYKÖY,EVET
263,Derbent,MÜLAYİM,EVET
264,Derbent,SARAYPINAR,EVET
265,Derbent,YASSIÖREN,HAYIR
266,Derbent,SÜLEYMAN,EVET
267,Derbent,KARALAR,EVET
268,Derebucak,ÇAMLIK,EVET
269,Derebucak,DURAK,EVET
270,Derebucak,GENCEK,EVET
271,Derebucak,GÖYNEM,EVET
272,Derebucak,PINARBAŞI,EVET
273,Derebucak,TAŞLIPINAR,EVET
274,Derebucak,TEPEARASI,EVET
275,Derebucak,UĞURLU,EVET
276,Doğanhisar,BAŞKÖY,HAYIR
277,Doğanhisar,YAZLICA,EVET
278,Doğanhisar,AYASLAR,EVET
279,Doğanhisar,ÇINAROBA,EVET
280,Doğanhisar,DEŞTİĞİN,EVET
281,Doğanhisar,FIRINLI,EVET
282,Doğanhisar,GÜVENDİK,EVET
283,Doğanhisar,İLYASLAR,EVET
284,Doğanhisar,KARAAĞA,EVET
285,Doğanhisar,KEMER,EVET
286,Doğanhisar,KOÇAŞ,EVET
287,Doğanhisar,KONAKKALE,EVET
288,Doğanhisar,TEKKE,HAYIR
289,Doğanhisar,UNCULAR,EVET
290,Doğanhisar,YAZIR,HAYIR
291,Doğanhisar,YENİCE,EVET
292,Emirgazi,EKİZLİ,EVET
293,Emirgazi,AKMESCİT,HAYIR
294,Emirgazi,BESCİ,HAYIR
295,Emirgazi,DEMİRCİ,EVET
296,Emirgazi,GÖLÖREN,EVET
297,Emirgazi,IŞIKLAR,EVET
298,Emirgazi,KARAÖREN,EVET
299,Emirgazi,MEŞELİ,HAYIR
300,Emirgazi,ÖBEKTAŞ,EVET
301,Emirgazi,YAMAÇ,EVET
302,Ereğli,ZENGEN,EVET
303,Ereğli,ACIPINAR,HAYIR
304,Ereğli,ADABAĞ,HAYIR
305,Ereğli,AKHÜYÜK,HAYIR
306,Ereğli,ALHAN,HAYIR
307,Ereğli,AŞAĞI GÖNDELEN,HAYIR
308,Ereğli,AŞIKLAR,HAYIR
309,Ereğli,AZİZİYE,HAYIR
310,Ereğli,BAHÇELİ,HAYIR
311,Ereğli,BELCEAĞAÇ,HAYIR
312,Ereğli,BELKAYA,HAYIR
313,Ereğli,BEYKÖY,HAYIR
314,Ereğli,BEYÖREN,EVET
315,Ereğli,BULGURLUK,HAYIR
316,Ereğli,BURHANİYE,EVET
317,Ereğli,BÜYÜKDEDE,EVET
318,Ereğli,ÇAKMAK,HAYIR
319,Ereğli,ÇAYHAN,HAYIR
320,Ereğli,ÇİLLER,HAYIR
321,Ereğli,ÇİMENCİK,EVET
322,Ereğli,GAYBİ,EVET
323,Ereğli,GÖKÇEYAZI,HAYIR
324,Ereğli,GÖKTÖME,EVET
325,Ereğli,HACIMEMİŞ,EVET
326,Ereğli,KAMIŞLIKUYU,HAYIR
327,Ereğli,KARABURUN,HAYIR
328,Ereğli,KARGACI,HAYIR
329,Ereğli,KIZILGEDİK,EVET
330,Ereğli,KUSKUNCUK,HAYIR
331,Ereğli,KUTÖREN,HAYIR
332,Ereğli,KUZUKUYU,HAYIR
333,Ereğli,MELİCEK,HAYIR
334,Ereğli,ORHANİYE,EVET
335,Ereğli,ÖZGÜRLER,HAYIR
336,Ereğli,PINARÖZÜ,HAYIR
337,Ereğli,SARICA,HAYIR
338,Ereğli,SARITOPALLI,HAYIR
339,Ereğli,SELVİLİ,HAYIR
340,Ereğli,TAŞAĞIL,HAYIR
341,Ereğli,TAŞBUDAK,HAYIR
342,Ereğli,TATLIKUYU,HAYIR
343,Ereğli,TÜRKMEN,EVET
344,Ereğli,ULUMEŞE,EVET
345,Ereğli,YAZLIK,HAYIR
346,Ereğli,YELLİCE,EVET
347,Ereğli,YENİKÖY,HAYIR
348,Ereğli,YILDIZLI,EVET
349,Ereğli,YUKARIGÖNDELEN,HAYIR
350,Ereğli,HORTU,HAYIR
351,Ereğli,ACIKUYU,EVET
352,Güneysınır,GÜRAĞAÇ,EVET
353,Güneysınır,AĞAÇOBA,EVET
354,Güneysınır,ALANÖZÜ,EVET
355,Güneysınır,AVCITEPE,HAYIR
356,Güneysınır,AYDOĞMUŞ,EVET
357,Güneysınır,HABİLLER,EVET
358,Güneysınır,KARAGÜNEY,HAYIR
359,Güneysınır,KAYAAĞZI,EVET
360,Güneysınır,KIZILÖZ,EVET
361,Güneysınır,KURUKAVAK,EVET
362,Güneysınır,MEHMET ALİ,EVET
363,Güneysınır,ÖMEROĞLU,EVET
364,Güneysınır,ÖRENBOYALI,EVET
365,Güneysınır,SARIHACI,EVET
366,Hadim,AŞAĞIEŞENLER,EVET
367,Hadim,AŞAĞIKIZILKAYA,HAYIR
368,Hadim,BADEMLİ,EVET
369,Hadim,BAĞBAŞI,HAYIR
370,Hadim,BEYRELİ,EVET
371,Hadim,BOLAT,EVET
372,Hadim,ÇİFTEPINAR,EVET
373,Hadim,DEDEMLİ,EVET
374,Hadim,DÜLGERLER,EVET
375,Hadim,FAKILAR,EVET
376,Hadim,GAZİLER,EVET
377,Hadim,GÖYNÜKKIŞLA,EVET
378,Hadim,GÜLPINAR,EVET
379,Hadim,İĞDEÖREN,EVET
380,Hadim,KALINAĞIL,EVET
381,Hadim,KAPLANLI,EVET
382,Hadim,GEZLEVİ,EVET
383,Hadim,KÜPLÜCE,EVET
384,Hadim,ODUNCU,EVET
385,Hadim,SARNIÇ,EVET
386,Hadim,SELAHATTİN,EVET
387,Hadim,UMURLAR,EVET
388,Hadim,YAĞCI,EVET
389,Hadim,YALINÇEVRE,EVET
390,Hadim,YELMEZ,EVET
391,Hadim,YENİKONAK,HAYIR
392,Hadim,YUKARIEŞENLER,EVET
393,Halkapınar,İVRİZ,EVET
394,Halkapınar,BÜYÜKDOĞAN,EVET
395,Halkapınar,DEDELİ,HAYIR
396,Halkapınar,DELİMAHMUTLU,EVET
397,Halkapınar,ESKİHİSAR,EVET
398,Halkapınar,KARAYUSUFLU,EVET
399,Halkapınar,KAYASARAY,EVET
400,Halkapınar,KÖRLÜ,EVET
401,Halkapınar,KÜSERE,EVET
402,Halkapınar,OSMANKÖSELİ,EVET
403,Halkapınar,SEYDİFAKILI,EVET
404,Halkapınar,YASSIKAYA,EVET
405,Halkapınar,YAYIKLI,EVET
406,Halkapınar,YEŞİLYURT,EVET
407,Halkapınar,ÇAKILLAR,EVET
408,Hüyük,BAŞLAMIŞ,EVET
409,Hüyük,BUDAK,EVET
410,Hüyük,BURUNSUZ,HAYIR
411,Hüyük,ÇAMLICA,EVET
412,Hüyük,ÇAVUŞ,EVET
413,Hüyük,ÇUKURKENT,EVET
414,Hüyük,DEĞİRMENALTI,EVET
415,Hüyük,GÖÇERİ,EVET
416,Hüyük,GÖRÜNMEZ,EVET
417,Hüyük,İLMEN,EVET
418,Hüyük,İMRENLER,EVET
419,Hüyük,KIRELİ,EVET
420,Hüyük,KÖŞK,EVET
421,Hüyük,MUTLU,HAYIR
422,Hüyük,PINARBAŞI,EVET
423,Hüyük,SELKİ,EVET
424,Hüyük,SULUDERE,EVET
425,Hüyük,TOLCA,EVET
426,Hüyük,YENİCE,EVET
427,Ilgın,ARGITHANI,EVET
428,Ilgın,BEYKONAK,HAYIR
429,Ilgın,ÇAVUŞÇUGÖL,HAYIR
430,Ilgın,AĞALAR,EVET
431,Ilgın,BALKI,HAYIR
432,Ilgın,BARAKMUSLU,HAYIR
433,Ilgın,BELEKLER,EVET
434,Ilgın,BOĞAZKENT,HAYIR
435,Ilgın,BULCUK,HAYIR
436,Ilgın,BÜYÜKOBA,EVET
437,Ilgın,ÇİĞİL,EVET
438,Ilgın,ÇATAK,HAYIR
439,Ilgın,ÇOBANKAYA,EVET
440,Ilgın,ÇÖMLEKCİ,HAYIR
441,Ilgın,DEREKÖY,HAYIR
442,Ilgın,DIĞRAK,EVET
443,Ilgın,DÜĞER,HAYIR
444,Ilgın,ELDEŞ,HAYIR
445,Ilgın,GEÇİT,HAYIR
446,Ilgın,GEDİKÖREN,EVET
447,Ilgın,GÖSTERE,HAYIR
448,Ilgın,GÖKÇEYURT,EVET
449,Ilgın,GÖLYAKA,HAYIR
450,Ilgın,GÖKBUDAK,EVET
451,Ilgın,GÜNEYPINAR,EVET
452,Ilgın,HARMANYAZI,HAYIR
453,Ilgın,İHSANİYE,EVET
454,Ilgın,KAPAKLI,HAYIR
455,Ilgın,KARAKÖY,EVET
456,Ilgın,KALEKÖY,HAYIR
457,Ilgın,MAHMUTHİSAR,HAYIR
458,Ilgın,MECİDİYE,HAYIR
459,Ilgın,MİSAFİRLİ,EVET
460,Ilgın,OLUKPINAR,HAYIR
461,Ilgın,ORHANİYE,EVET
462,Ilgın,ORMANÖZÜ,HAYIR
463,Ilgın,SADIKKÖY,EVET
464,Ilgın,SEBİLLER,HAYIR
465,Ilgın,TEKELER,HAYIR
466,Ilgın,YUKARIÇİĞİL,EVET
467,Ilgın,YORAZLAR,HAYIR
468,Ilgın,ZAFERİYE,HAYIR
469,Ilgın,AVDAN,EVET
470,Kadınhanı,OSMANCIK,EVET
471,Kadınhanı,AFŞARLI,HAYIR
472,Kadınhanı,ALABAĞ,HAYIR
473,Kadınhanı,ATLANTI,EVET
474,Kadınhanı,BAKIRPINAR,HAYIR
475,Kadınhanı,BAŞKUYU,EVET
476,Kadınhanı,BAYRAMLI,HAYIR
477,Kadınhanı,BEYKAVAĞI,EVET
478,Kadınhanı,BULGURPINAR,HAYIR
479,Kadınhanı,ÇAVDAR,HAYIR
480,Kadınhanı,ÇEŞMECİK,HAYIR
481,Kadınhanı,ÇUBUK,HAYIR
482,Kadınhanı,DEMİROLUK,HAYIR
483,Kadınhanı,HACIMEHMETLİ,HAYIR
484,Kadınhanı,HACIOFLAZLAR,HAYIR
485,Kadınhanı,HACIPİRLİ,HAYIR
486,Kadınhanı,KABACALI,HAYIR
487,Kadınhanı,KAMIŞLIÖZÜ,EVET
488,Kadınhanı,KARAHİSARLI,HAYIR
489,Kadınhanı,KARAKURTLU,HAYIR
490,Kadınhanı,KARASEVİNÇ,EVET
491,Kadınhanı,KARAYÜRÜKLÜ,EVET
492,Kadınhanı,KIZILKUYU,EVET
493,Kadınhanı,KOLUKISA,HAYIR
494,Kadınhanı,KONURÖREN,HAYIR
495,Kadınhanı,KÖKEZ,EVET
496,Kadınhanı,KÖYLÜTOLU,HAYIR
497,Kadınhanı,KURTHASANLI,EVET
498,Kadınhanı,KÜÇÜKKUYU,EVET
499,Kadınhanı,MAHMUDİYE,HAYIR
500,Kadınhanı,MEYDANLI,HAYIR
501,Kadınhanı,ÖRNEK,HAYIR
502,Kadınhanı,PİRALİ,HAYIR
503,Kadınhanı,PUSAT,HAYIR
504,Kadınhanı,SAÇIKARA,HAYIR
505,Kadınhanı,SARIKAYA,HAYIR
506,Kadınhanı,SÖĞÜTÖZÜ,HAYIR
507,Kadınhanı,ŞAHÖREN,EVET
508,Kadınhanı,TOSUNOĞLU,EVET
509,Kadınhanı,YAĞLICA,HAYIR
510,Kadınhanı,YAYLAYAKA,EVET
511,Karapınar,HOTAMIŞ,HAYIR
512,Karapınar,KESMEZ,HAYIR
513,Karapınar,AKÇAYAZI,HAYIR
514,Karapınar,AKÖREN,HAYIR
515,Karapınar,ÇİĞİL,HAYIR
516,Karapınar,HASANOBA,HAYIR
517,Karapınar,İSLİK,HAYIR
518,Karapınar,KARAKIŞLA,EVET
519,Karapınar,KAYACIK,HAYIR
520,Karapınar,KAYALI,EVET
521,Karapınar,KAZANHÜYÜĞÜ,HAYIR
522,Karapınar,KÜÇÜKAŞLAMA,HAYIR
523,Karapınar,ORTAOBA,HAYIR
524,Karapınar,OYMALI,HAYIR
525,Karapınar,SAZLIPINAR,HAYIR
526,Karapınar,YAĞMAPINAR,HAYIR
527,Karapınar,YENİKUYU,HAYIR
528,Karapınar,YEŞİLYURT,HAYIR
529,Karatay,YARMA,EVET
530,Karatay,ACIDORT,HAYIR
531,Karatay,AĞSAKLI,HAYIR
532,Karatay,AKBAŞ,HAYIR
533,Karatay,AKÖRENKIŞLA,HAYIR
534,Karatay,BAKIRTOLU,HAYIR
535,Karatay,BAŞGÖTÜREN,HAYIR
536,Karatay,BEŞAĞIL,EVET
537,Karatay,BÜYÜKBURNAK,HAYIR
538,Karatay,ÇENGİLTİ,EVET
539,Karatay,DİVANLAR,HAYIR
540,Karatay,ESENTEPE,HAYIR
541,Karatay,GÖÇÜ,HAYIR
542,Karatay,HAYIROĞLU MERKEZ,HAYIR
543,Karatay,İPEKLER,HAYIR
544,Karatay,İSMİL,HAYIR
545,Karatay,KARADONA,EVET
546,Karatay,KARAKAYA,HAYIR
547,Karatay,KATRANCI,HAYIR
548,Karatay,KIZÖREN,HAYIR
549,Karatay,KÖSEALİ,HAYIR
550,Karatay,OBRUK,EVET
551,Karatay,OVAKAVAĞI,EVET
552,Karatay,SAKYATAN,HAYIR
553,Karatay,SÜRÜÇ,EVET
554,Karatay,ŞATIR,HAYIR
555,Karatay,YAĞLIBAYAT,EVET
556,Karatay,YAVŞANKUYU,HAYIR
557,Karatay,YENİCE,HAYIR
558,Karatay,YENİKENT,EVET
559,Karatay,ZİNCİRLİ,HAYIR
560,Kulu,ACIKUYU,HAYIR
561,Kulu,AĞILBAŞI,HAYIR
562,Kulu,ALTILAR,HAYIR
563,Kulu,ARŞINCA,EVET
564,Kulu,BEŞKARDEŞ,HAYIR
565,Kulu,BOĞAZÖREN,HAYIR
566,Kulu,BOZAN,EVET
567,Kulu,BURUNAĞIL,HAYIR
568,Kulu,CANIMANA,EVET
569,Kulu,CELEP,HAYIR
570,Kulu,DİPDEDE,HAYIR
571,Kulu,DOĞUTEPE,HAYIR
572,Kulu,FEVZİYE,EVET
573,Kulu,GÖKLER,HAYIR
574,Kulu,GÜZELYAYLA,HAYIR
575,Kulu,HİSAR,EVET
576,Kulu,KARACADAĞ,EVET
577,Kulu,KARACADERE,EVET
578,Kulu,KIRKKUYU,EVET
579,Kulu,KIRKPINAR,HAYIR
580,Kulu,KOZANLI,EVET
581,Kulu,KÖMÜŞİNİ,HAYIR
582,Kulu,KÖŞKER,HAYIR
583,Kulu,SARIYAYLA,EVET
584,Kulu,SEYİTAHMETLİ,HAYIR
585,Kulu,SOĞUKKUYU,HAYIR
586,Kulu,ŞEREFLİ,HAYIR
587,Kulu,TAVLIÖREN,HAYIR
588,Kulu,ÖMERANLI,EVET
589,Kulu,TUZYAKA,HAYIR
590,Kulu,YARAŞLI,EVET
591,Kulu,YAZIÇAYIR,EVET
592,Kulu,YEŞİLTEPE,HAYIR
593,Kulu,YEŞİLYURT,HAYIR
594,Kulu,ZİNCİRLİKUYU,EVET
595,Kulu,BAHADIRLI,HAYIR
596,Kulu,DEĞİRMENÖZÜ,EVET
597,Meram,ERENKAYA,HAYIR
598,Meram,YATAĞAN,EVET
599,Meram,GÖKYURT,EVET
600,Meram,BAYAT,EVET
601,Meram,BORUKTOLU,EVET
602,Meram,BOTSA,EVET
603,Meram,ÇAYIRBAĞI,EVET
604,Meram,ÇOMAKLAR,HAYIR
605,Meram,ÇUKURÇİMEN,EVET
606,Meram,EVLİYATEKKE,EVET
607,Meram,HATUNSARAY,EVET
608,Meram,İKİPINAR,EVET
609,Meram,İLYASBABA,EVET
610,Meram,İNLİCE,EVET
611,Meram,KARAAĞAÇ,HAYIR
612,Meram,KAVAK,EVET
613,Meram,KAYADİBİ,EVET
614,Meram,KAYALI,EVET
615,Meram,KAYHÜYÜK,EVET
616,Meram,KIZILÖREN,EVET
617,Meram,KUMRALI,EVET
618,Meram,SADIKLAR,EVET
619,Meram,SAĞLIK,EVET
620,Meram,SARIKIZ,HAYIR
621,Meram,SEFAKÖY,HAYIR
622,Meram,YEŞİLDERE,EVET
623,Meram,YEŞİLTEKKE,HAYIR
624,Meram,KAŞINHANI,EVET
625,Sarayönü,LADİK,EVET
626,Sarayönü,BAHÇESARAY,HAYIR
627,Sarayönü,BAŞHÜYÜK,EVET
628,Sarayönü,BOYALI,EVET
629,Sarayönü,BÜYÜKZENGİ,HAYIR
630,Sarayönü,ÇEŞMELİSEBİL,EVET
631,Sarayönü,DEĞİRMENLİ,HAYIR
632,Sarayönü,ERTUĞRUL,EVET
633,Sarayönü,GÖZLÜ,EVET
634,Sarayönü,KADIOĞLU,HAYIR
635,Sarayönü,KARABIYIK,HAYIR
636,Sarayönü,KARATEPE,HAYIR
637,Sarayönü,KAYIÖREN,HAYIR
638,Sarayönü,KONAR,HAYIR
639,Sarayönü,KURŞUNLU,HAYIR
640,Sarayönü,KUYULUSEBİL,HAYIR
641,Sarayönü,ÖZKENT,HAYIR
642,Sarayönü,YENİCEKAYA,HAYIR
643,Selçuklu,BAŞARAKAVAK,EVET
644,Selçuklu,hasan,
645,Selçuklu,SARAYKÖY,HAYIR
646,Selçuklu,SULUTAS,EVET
647,Selçuklu,TATKÖY,EVET
648,Selçuklu,AKPINAR,EVET
649,Selçuklu,BAĞRIKURT,EVET
650,Selçuklu,BİÇER,HAYIR
651,Selçuklu,ÇALDERE,EVET
652,Selçuklu,ÇALTI,HAYIR
653,Selçuklu,ÇANDIR,HAYIR
654,Selçuklu,DAĞDERE,EVET
655,Selçuklu,EĞRİBAYAT,EVET
656,Selçuklu,GÜVENÇ,HAYIR
657,Selçuklu,KALE,HAYIR
658,Selçuklu,KARAÖMERLER,EVET
659,Selçuklu,KERVAN,HAYIR
660,Selçuklu,KINIK,EVET
661,Selçuklu,KIZILCAKUYU,HAYIR
662,Selçuklu,MEYDAN,EVET
663,Selçuklu,SELAHATTİN,EVET
664,Selçuklu,SIZMA,EVET
665,Selçuklu,TEPEKENT,HAYIR
666,Selçuklu,ULUMUHSİNE,HAYIR
667,Selçuklu,YAZIBELEN,EVET
668,Selçuklu,SİLLE,EVET
669,Selçuklu,ARDIÇLI,HAYIR
670,Selçuklu,AŞAĞIPINARBAŞI,EVET
671,Selçuklu,YUKARIPINARBAŞI,EVET
672,Selçuklu,KÜÇÜKMUHSİNE,EVET
673,Selçuklu,SARICALAR,EVET
674,Selçuklu,TÖMEK,EVET
675,Selçuklu,YÜKSELEN,EVET
676,Selçuklu,Mehmet Fatih,
677,Seydişehir,KESECİK,EVET
678,Seydişehir,AKÇALAR,HAYIR
679,Seydişehir,AŞAĞIKARAÖREN,EVET
680,Seydişehir,BAŞKARAÖREN,EVET
681,Seydişehir,BOSTANDERE,EVET
682,Seydişehir,BOYALI,EVET
683,Seydişehir,BÜKÇE,HAYIR
684,Seydişehir,ÇAT,EVET
685,Seydişehir,ÇATMAKAYA,EVET
686,Seydişehir,ÇAVUŞ,EVET
687,Seydişehir,DİKİLİTAŞ,EVET
688,Seydişehir,GEVREKLİ,EVET
689,Seydişehir,GÖKÇEHÜYÜK,EVET
690,Seydişehir,GÖKHÜYÜK,EVET
691,Seydişehir,GÖLYÜZÜ,EVET
692,Seydişehir,IRMAKLI,EVET
693,Seydişehir,İNCESU,HAYIR
694,Seydişehir,KARABULAK,EVET
695,Seydişehir,KARACAÖREN,EVET
696,Seydişehir,KAVAK,EVET
697,Seydişehir,KETENLİ,EVET
698,Seydişehir,KIZILCA,EVET
699,Seydişehir,KOZLU,EVET
700,Seydişehir,KUMLUCA,EVET
701,Seydişehir,KURAN,EVET
702,Seydişehir,MADENLİ,EVET
703,Seydişehir,MESUDİYE,EVET
704,Seydişehir,MURADİYE,EVET
705,Seydişehir,OĞLAKÇI,HAYIR
706,Seydişehir,ORTAKARAÖREN,EVET
707,Seydişehir,SARAYCIK,HAYIR
708,Seydişehir,SUSUZ,EVET
709,Seydişehir,TARAŞÇI,EVET
710,Seydişehir,TAŞAĞIL,EVET
711,Seydişehir,TEPECİK,EVET
712,Seydişehir,TOL,EVET
713,Seydişehir,UFACIK,HAYIR
714,Seydişehir,YAYLACIK,EVET
715,Seydişehir,YENİCE,EVET
716,Taşkent,AFŞAR,EVET
717,Taşkent,BALCILAR,EVET
718,Taşkent,BOLAY,EVET
719,Taşkent,ÇETMİ,EVET
720,Taşkent,KECİMEN,HAYIR
721,Taşkent,KONGUL,EVET
722,Taşkent,SAZAK,EVET
723,Taşkent,ILICAPINAR,EVET
724,Tuzlukçu,KONARI,HAYIR
725,Tuzlukçu,MEVLÜTLÜ,HAYIR
726,Tuzlukçu,KORAŞI,HAYIR
727,Tuzlukçu,ÇÖĞÜRLÜ,EVET
728,Tuzlukçu,TURSUNLU,HAYIR
729,Tuzlukçu,KUNDULLU,EVET
730,Tuzlukçu,PAZARKAYA,EVET
731,Tuzlukçu,SUBATAN,EVET
732,Tuzlukçu,GÜRSU,HAYIR
733,Tuzlukçu,ERDOĞDU,HAYIR
734,Tuzlukçu,KÖKLÜCE,HAYIR
735,Yalıhüyük,SARAY,EVET
736,Yalıhüyük,ARASÖĞÜT,HAYIR
737,Yunak,KUZÖREN,HAYIR
738,Yunak,KOÇYAZI,EVET
739,Yunak,TURGUT,HAYIR
740,Yunak,PİRİBEYLİ,EVET
741,Yunak,SÜLÜKLÜ,EVET
742,Yunak,ALTINÖZ,HAYIR
743,Yunak,AYRITEPE,EVET
744,Yunak,BEŞIŞIKLI,EVET
745,Yunak,CEBRAİL,HAYIR
746,Yunak,ÇAYIRBAŞI,HAYIR
747,Yunak,EĞRİKUYU,HAYIR
748,Yunak,HACIÖMEROĞLU,HAYIR
749,Yunak,HATIRLI,HAYIR
750,Yunak,HACIFAKILI,EVET
751,Yunak,HARUNLAR,EVET
752,Yunak,HURSUNLU,HAYIR
753,Yunak,İMAMOĞLU,HAYIR
754,Yunak,KARGALI,HAYIR
755,Yunak,KARAYAYLA,HAYIR
756,Yunak,KILLAR,HAYIR
757,Yunak,KURTUŞAĞI,EVET
758,Yunak,KUYUBAŞI,HAYIR
759,Yunak,MEŞELİK,HAYIR
760,Yunak,ODABAŞI,HAYIR
761,Yunak,ORTAKIŞLA,HAYIR
762,Yunak,ÖZYAYLA,HAYIR
763,Yunak,SERTLER,HAYIR
764,Yunak,SEVİNÇ,HAYIR
765,Yunak,SIRAM,EVET
766,Yunak,SİNANLI,HAYIR
767,Yunak,YAVAŞLI,HAYIR
768,Yunak,YEŞİLOBA,HAYIR
769,Yunak,YEŞİLYAYLA,EVET
770,Yunak,YIĞAR,HAYIR
771,Yunak,SARAY,EVET
772,,,
